customerID,Contract,tenure,MonthlyCharges,Churn,Churn_Probability,Risk_Level
0604-THJFP,Two year,59,75.95,No,0.017485055919237765,Low
4059-IIEBK,Month-to-month,7,78.55,No,0.5918174873663246,Medium
2228-BZDEE,Two year,54,20.1,No,0.004511788219090406,Low
2839-RFSQE,Month-to-month,2,20.65,Yes,0.20225774068944516,Low
5360-LJCNJ,Two year,71,105.15,No,0.10402546764753733,Low
7752-XUSCI,Month-to-month,60,105.9,Yes,0.473011201321872,Medium
8277-RVRSV,One year,33,24.15,No,0.02574918852903353,Low
3530-CRZSB,Month-to-month,7,20.65,No,0.16481288016582044,Low
2845-HSJCY,Month-to-month,14,87.25,Yes,0.6799621473403917,High
0336-KXKFK,Two year,72,61.2,No,0.014932246852810593,Low
7044-YAACC,Month-to-month,4,70.2,No,0.7074763289252213,High
5396-IZEPB,Month-to-month,9,19.7,No,0.1450890913308259,Low
3317-VLGQT,Month-to-month,14,78.1,No,0.6532400600119459,High
6967-PEJLL,One year,37,40.2,No,0.06080815494362557,Low
2091-MJTFX,Month-to-month,30,51.2,Yes,0.20533280980805863,Low
2034-GDRCN,Month-to-month,2,90.4,Yes,0.7743660510381214,High
8676-TRMJS,Month-to-month,3,75.0,Yes,0.608632620733414,High
6298-QDFNH,Month-to-month,22,79.35,Yes,0.5568886047299947,Medium
0701-TJSEF,Month-to-month,9,68.25,No,0.2271296642222291,Low
5743-KHMNA,Two year,71,25.55,No,0.002627141152771066,Low
0613-WUXUM,Two year,70,19.2,No,0.00211735316331551,Low
3137-LUPIX,Month-to-month,4,64.4,No,0.45101239437984025,Medium
3716-UVSPD,Month-to-month,1,49.3,No,0.422213772351777,Medium
4800-CZMPC,One year,48,103.25,Yes,0.17142107328660516,Low
5144-PQCDZ,Month-to-month,4,19.95,No,0.23235880526255423,Low
9286-DOJGF,Month-to-month,38,74.95,Yes,0.41567338375917595,Medium
6258-NGCNG,Month-to-month,7,23.5,No,0.21261802549263317,Low
1335-MXCSE,Two year,55,55.25,No,0.011439217515154159,Low
6322-HRPFA,Month-to-month,49,59.6,No,0.023664680974665335,Low
6646-QVXLR,One year,62,103.75,Yes,0.31357672117161717,Medium
6941-KXRRV,One year,48,58.95,No,0.06291433785906198,Low
3716-BDVDB,Month-to-month,1,69.1,Yes,0.6990085563541321,High
2465-BLLEU,Month-to-month,1,19.75,No,0.26280846072981295,Low
1525-LNLOJ,Two year,66,63.3,No,0.020959970197899892,Low
0390-DCFDQ,Month-to-month,1,70.45,Yes,0.6684955498423519,High
0258-NOKBL,Month-to-month,3,90.4,No,0.6135708774934795,High
6303-KFWSL,One year,29,55.25,No,0.15633982606344093,Low
1194-BHJYC,Two year,61,62.15,No,0.022990089446996962,Low
5049-GLYVG,Month-to-month,1,20.6,Yes,0.20717473035848075,Low
1685-VAYJF,Month-to-month,11,45.2,No,0.26820517165960933,Low
2348-KCJLT,One year,44,61.5,No,0.035601459389247754,Low
6425-JWTDV,Two year,48,19.25,No,0.005752302678930147,Low
3022-BEXHZ,Two year,67,111.2,No,0.06863025892042732,Low
0670-ANMUU,One year,71,97.65,No,0.04914195722020643,Low
6349-JDHQP,Two year,53,19.85,No,0.004572630183755273,Low
0961-ZWLVI,One year,49,109.2,No,0.1720718089684006,Low
9289-LBQVU,One year,64,70.15,No,0.03299199907310827,Low
4759-PXTAN,One year,59,80.1,No,0.07781814202420037,Low
6695-AMZUF,Two year,70,86.45,No,0.008575762664931786,Low
9114-AAFQH,One year,48,65.65,No,0.07954907771191357,Low
9992-UJOEL,Month-to-month,2,50.3,No,0.381757077197748,Medium
1776-SPBWV,One year,34,20.1,No,0.02235012616604158,Low
3692-JHONH,One year,52,106.5,No,0.38376191373623186,Medium
7495-OOKFY,Month-to-month,8,80.65,Yes,0.6259581860274765,High
5982-PSMKW,Two year,23,91.1,No,0.05509793605787317,Low
3298-QEICA,Two year,23,34.6,No,0.033863952579680515,Low
8757-TFHHJ,Month-to-month,1,49.8,No,0.3296288121291538,Medium
5022-JNQEQ,Month-to-month,9,75.85,No,0.4729397080356769,Medium
2418-TPEUN,Two year,56,19.8,No,0.004108873073668925,Low
4229-CZMLL,Month-to-month,6,74.9,Yes,0.7217414559657299,High
0191-EQUUH,Two year,25,35.05,No,0.028812511800425666,Low
3099-OONVS,Month-to-month,25,54.3,No,0.09109716345563099,Low
0491-KAPQG,Month-to-month,21,73.7,No,0.6105914057634578,High
1090-ESELR,Two year,72,105.5,No,0.020092340025918913,Low
2208-NKVVH,Two year,43,24.25,No,0.008698222628295886,Low
9496-IVVRP,Month-to-month,11,51.0,No,0.15367975272423817,Low
5016-LIPDW,One year,57,19.4,No,0.0054544811184452525,Low
8204-TIFGJ,Month-to-month,23,20.3,No,0.09799559664441172,Low
7684-XSZIY,Two year,72,24.3,No,0.0018272148157485511,Low
0440-QEXBZ,Month-to-month,44,50.15,No,0.14890385888157676,Low
6285-FTQBF,Two year,72,25.55,No,0.0019850335682000462,Low
3707-GNWHM,Month-to-month,1,74.25,Yes,0.6950562733122015,High
0019-GFNTW,Two year,56,45.05,No,0.008623386240964998,Low
8988-ECPJR,Month-to-month,34,79.6,Yes,0.3763268041389767,Medium
9397-TZSHA,Two year,69,24.6,No,0.0029796269480290467,Low
1989-PRJHP,Month-to-month,27,75.5,Yes,0.5849266312559693,Medium
3587-PMCOY,One year,10,98.9,No,0.4664020497265897,Medium
8292-FRFZQ,One year,39,41.15,No,0.03151405833565192,Low
1775-KWJKQ,Two year,72,89.85,No,0.00987935781575311,Low
6137-MFAJN,Month-to-month,48,44.8,No,0.14953128051805614,Low
1395-WSWXR,Two year,24,20.75,No,0.0199575155256702,Low
9046-JBFWA,Month-to-month,27,19.15,No,0.05347272707178765,Low
9871-ELEYA,Two year,34,67.65,No,0.0195511189250121,Low
6712-OAWRH,Month-to-month,26,91.25,Yes,0.6689431189524562,High
2361-UPSND,One year,46,70.6,No,0.023080327501019748,Low
4817-KEQSP,Two year,71,19.85,No,0.0013309425861855952,Low
2842-BCQGE,Month-to-month,43,75.35,No,0.33211960277098784,Medium
4190-MFLUW,Month-to-month,10,55.2,Yes,0.17209155809167606,Low
1640-PLFMP,Month-to-month,1,70.25,No,0.6991856634863243,High
6635-CPNUN,Month-to-month,28,96.6,No,0.42348399302581435,Medium
6620-HVDUJ,Month-to-month,24,60.45,No,0.0719330699571352,Low
4706-AXVKM,Month-to-month,11,84.8,Yes,0.7043608701220879,High
5495-GPSRW,Two year,20,19.7,No,0.03322012851612136,Low
6847-KJLTS,Month-to-month,58,100.4,No,0.3543173676960385,Medium
1023-BQXZE,Two year,57,74.35,No,0.02669638179781243,Low
4806-DXQCE,Two year,70,113.65,No,0.09180237450631722,Low
5360-XGYAZ,Two year,72,65.65,No,0.010054031517914622,Low
8631-WUXGY,Month-to-month,46,99.8,No,0.39750571370621396,Medium
3780-YVMFA,Month-to-month,8,68.55,No,0.41265355606336657,Medium
7971-HLVXI,Two year,72,84.5,No,0.053871909999257214,Low
9842-EFSYY,Month-to-month,4,57.2,No,0.47972221612397226,Medium
0277-BKSQP,Month-to-month,8,54.4,No,0.4477976897481663,Medium
9154-QDGTH,One year,43,104.3,No,0.219891836878016,Low
1208-NBVFH,Month-to-month,20,49.6,No,0.2725408966002609,Low
0866-QLSIR,One year,34,64.4,Yes,0.04872134693686869,Low
9667-TKTVZ,Month-to-month,2,54.35,No,0.41432185966670604,Medium
0611-DFXKO,Month-to-month,20,89.0,Yes,0.5937960559950094,Medium
8040-MNRTF,Month-to-month,1,71.1,No,0.5561728742922263,Medium
8107-KNCIM,Month-to-month,14,75.1,No,0.6955327703745725,High
8938-UMKPI,Month-to-month,47,106.4,Yes,0.559503371619623,Medium
0670-KDOMA,Month-to-month,1,20.25,No,0.26535205976069776,Low
0428-IKYCP,Month-to-month,22,87.0,No,0.4858023367457298,Medium
0506-YLVKJ,Two year,46,20.2,No,0.0068939783337423535,Low
3133-PZNSR,Two year,72,97.75,No,0.02595837667797596,Low
2335-GSODA,Two year,23,40.1,No,0.03408309311314196,Low
0970-ETWGE,Month-to-month,1,89.55,Yes,0.7790485323536227,High
9576-SYUHJ,Month-to-month,37,91.15,No,0.4545037280068922,Medium
7606-BPHHN,Two year,72,19.8,No,0.0023050691871869607,Low
3108-PCCGG,Two year,72,84.45,No,0.01843121538766262,Low
6022-UGGSO,Month-to-month,32,74.4,Yes,0.437396529648386,Medium
3506-OVLKD,One year,35,26.2,No,0.027976853434730314,Low
7473-ZBDSN,Two year,14,18.8,No,0.026997220344489127,Low
6766-HFKLA,Two year,56,103.2,No,0.09055220941479425,Low
9139-WQQDY,One year,49,100.45,Yes,0.18043894188603507,Low
4846-WHAFZ,Month-to-month,37,76.5,Yes,0.5178591414049678,Medium
8896-BQTTI,Month-to-month,1,25.0,No,0.32194210570202125,Medium
3727-RJMEO,Month-to-month,6,82.85,Yes,0.7664217839895486,High
3889-VWBID,Two year,68,82.85,No,0.006661614912943763,Low
7688-AWMDX,Two year,71,54.5,No,0.0032963014005098195,Low
6752-APNJL,Month-to-month,42,54.5,No,0.04410255649508001,Low
1270-XKUCC,Two year,30,19.7,No,0.01196895379579129,Low
1024-GUALD,Month-to-month,1,24.8,Yes,0.6726150457357044,High
6997-UVGOX,Two year,71,85.45,No,0.00635190674779083,Low
4317-VTEOA,Month-to-month,1,50.75,Yes,0.4652788965424874,Medium
2725-TTRIQ,Two year,72,84.2,No,0.013541416306977791,Low
0307-BCOPK,One year,16,19.05,No,0.05732698895973796,Low
6372-RFVNS,Month-to-month,1,78.8,Yes,0.6852418299801071,High
4749-OJKQU,Month-to-month,4,75.65,No,0.735873087545362,High
5575-TPIZQ,Month-to-month,46,89.15,No,0.32334784324026344,Medium
7706-DZNKK,Month-to-month,11,20.45,No,0.1692891463284219,Low
8092-NLTGF,Two year,72,24.75,No,0.002428481297337455,Low
6295-OSINB,Two year,72,109.65,No,0.10109566257323499,Low
1956-YIFGE,One year,22,100.05,No,0.2998008969650341,Low
6463-MVYRY,Two year,57,69.85,No,0.012337570722871703,Low
4695-VADHF,Month-to-month,18,57.45,Yes,0.2872855038555402,Low
5630-IXDXV,Month-to-month,47,106.35,No,0.5386263537338748,Medium
0813-TAXXS,Two year,55,77.8,No,0.05678394195007708,Low
4445-ZJNMU,Month-to-month,9,99.3,No,0.6898225178097214,High
5356-KZCKT,Two year,58,24.45,No,0.006977125967218573,Low
4644-PIZRT,One year,17,70.35,No,0.14109331687496376,Low
8181-YHCMF,Two year,68,60.3,No,0.013235739403188208,Low
0742-MOABM,Month-to-month,4,50.05,Yes,0.25225155040513153,Low
6362-QHAFM,One year,42,108.3,No,0.33849766227033723,Medium
3161-ONRWK,One year,60,65.85,No,0.010267180609680484,Low
0952-KMEEH,Month-to-month,13,98.15,Yes,0.5474341217374561,Medium
6047-SUHPR,One year,39,59.8,No,0.03443426831579683,Low
4412-YLTKF,Month-to-month,27,78.05,Yes,0.6251673247415023,High
1227-UDMZR,Two year,72,91.15,No,0.01626032655958042,Low
1223-UNPKS,Two year,20,20.05,No,0.019252912648557267,Low
7762-ONLJY,One year,6,19.7,No,0.0715503621881088,Low
0430-IHCDJ,Month-to-month,15,49.0,No,0.45010382867176957,Medium
4967-WPNCF,Two year,72,63.7,No,0.012606910106473012,Low
3021-VLNRJ,One year,50,70.8,No,0.026102738761785822,Low
9103-TCIHJ,Month-to-month,15,55.7,Yes,0.28548198437900996,Low
0835-JKADZ,Two year,71,111.25,No,0.1151345315671612,Low
2346-DJQTB,Month-to-month,35,24.15,No,0.22368518009759433,Low
3301-LSLWQ,Month-to-month,29,66.1,No,0.28619525243781563,Low
5970-GHJAW,Two year,46,19.95,No,0.004886725334695307,Low
2834-JKOOW,One year,15,45.9,No,0.09317695991909851,Low
2188-SXWVT,One year,34,55.0,No,0.03827715038631408,Low
8421-WZOOW,Month-to-month,57,95.3,No,0.18603785666975442,Low
9968-FFVVH,One year,63,68.8,No,0.012159914756441266,Low
1391-UBDAR,Month-to-month,11,72.9,No,0.5566881729857547,Medium
0134-XWXCE,One year,44,74.85,No,0.06974853391541437,Low
7296-PIXQY,Month-to-month,14,70.2,No,0.46282100152933386,Medium
6047-YHPVI,Month-to-month,5,69.7,Yes,0.6632311335459083,High
0895-LMRSF,One year,23,64.9,No,0.19118969693409332,Low
0004-TLHLJ,Month-to-month,4,73.9,Yes,0.6769489802576302,High
2907-ILJBN,One year,11,20.6,No,0.056033378330872345,Low
7306-YDSOI,Two year,69,59.75,No,0.0052538736552804255,Low
4475-NVTLU,Two year,45,19.2,No,0.007499428251622528,Low
9710-ZUSHQ,Month-to-month,37,106.75,Yes,0.4600581679794855,Medium
6946-LMSQS,One year,25,89.05,Yes,0.3960659851379072,Medium
8601-QACRS,Month-to-month,5,50.6,Yes,0.47617885910078345,Medium
4231-LZUYM,Two year,72,25.65,No,0.0024626524908550667,Low
8380-PEFPE,Month-to-month,1,71.65,Yes,0.6379943838274932,High
2867-UIMSS,Month-to-month,1,80.5,Yes,0.6728422337004626,High
9814-AOUDH,Two year,53,19.5,No,0.004502473587522175,Low
4032-RMHCI,One year,41,35.4,No,0.0385067397925159,Low
1452-KIOVK,Month-to-month,22,89.1,No,0.4873307798887217,Medium
4365-MSDYN,Month-to-month,8,19.55,No,0.18424047925511763,Low
0383-CLDDA,Two year,69,85.35,No,0.02033428350599473,Low
1293-HHSHJ,One year,35,21.1,No,0.021860480408259778,Low
9822-OAOVB,Month-to-month,1,55.45,No,0.5722438927167054,Medium
7249-WBIYX,Month-to-month,10,85.6,Yes,0.7339109410795133,High
6652-YFFJO,Month-to-month,11,64.9,No,0.5384772345020752,Medium
9128-CPXKI,Two year,59,95.8,No,0.11609861432924164,Low
5127-BZENZ,One year,56,65.2,No,0.02650530672403544,Low
5924-SNGKP,One year,41,20.25,No,0.016902209183409553,Low
2919-HBCJO,Month-to-month,4,76.65,Yes,0.534032763890156,Medium
5622-UEJFI,Two year,35,25.4,No,0.016936973893710756,Low
2000-MPKCA,One year,58,107.75,No,0.24176423068314126,Low
4830-FAXFM,Month-to-month,19,24.1,No,0.13016318472596464,Low
7629-WFGLW,One year,56,95.65,No,0.09121670629357692,Low
6259-WJQLC,Month-to-month,32,81.1,No,0.48637709205779056,Medium
4854-CIDCF,Month-to-month,3,73.85,No,0.666796958337599,High
2074-GUHPQ,Month-to-month,17,92.7,No,0.3636236007676757,Medium
7579-OOPEC,Month-to-month,2,50.15,Yes,0.3509013503855903,Medium
8714-EUHJO,Month-to-month,31,91.15,Yes,0.5079339707642535,Medium
1707-HABPF,One year,46,91.3,No,0.19312728501132667,Low
2860-RANUS,Month-to-month,20,85.8,Yes,0.6420798866213879,High
5150-ITWWB,Month-to-month,3,94.85,No,0.8453358624895553,High
4690-LLKUA,Month-to-month,17,45.05,Yes,0.3954353905002081,Medium
5716-LIBJC,One year,13,104.15,No,0.43538882105473836,Medium
2485-ITVKB,Month-to-month,2,35.1,Yes,0.7040907209793029,High
1357-MVDOZ,Month-to-month,11,59.65,No,0.33025766769358483,Medium
3926-YZVVX,One year,41,50.05,No,0.031814615644574676,Low
0668-OGMHD,Month-to-month,21,28.5,No,0.2775616123518458,Low
7279-BUYWN,Month-to-month,41,113.2,Yes,0.5403911800846368,Medium
7338-ERIVA,One year,39,45.05,No,0.03917863083319032,Low
8049-WJCLQ,Month-to-month,10,60.2,No,0.2862396518929566,Low
0388-EOPEX,Month-to-month,2,74.4,Yes,0.5872970137389486,Medium
3296-SILRA,Month-to-month,1,76.4,Yes,0.61798350352322,High
8920-NAVAY,One year,62,110.75,No,0.2005369448730146,Low
1834-ABKHQ,One year,52,50.95,No,0.03117035722552539,Low
3043-TYBNO,Month-to-month,3,60.65,No,0.3069686152699454,Medium
2573-GYRUU,Month-to-month,48,91.05,No,0.4346785805966612,Medium
0979-PHULV,Month-to-month,69,99.45,Yes,0.30433994035221934,Medium
4918-FYJNT,Month-to-month,55,90.45,No,0.2354193552970971,Low
3930-ZGWVE,Month-to-month,1,19.75,No,0.20981751187416917,Low
5766-ZJYBB,Month-to-month,1,19.4,Yes,0.2109128883925464,Low
0121-SNYRK,One year,50,35.4,No,0.030103193247480016,Low
3174-AKMAS,Two year,46,64.2,No,0.024414067022554935,Low
1212-GLHMD,Month-to-month,3,86.05,No,0.5467740042262308,Medium
6741-EGCBI,Month-to-month,30,90.5,No,0.4537108341081866,Medium
6248-TKCQV,Two year,70,80.6,No,0.012591478770484152,Low
9489-JMTTN,Two year,72,89.75,No,0.010222768688044323,Low
1568-LJSZU,Two year,68,92.2,No,0.01505875175548488,Low
5126-RCXYW,Two year,54,46.0,No,0.01662294614409957,Low
6961-MJKBO,Two year,47,20.45,No,0.005799144425588352,Low
9174-IHETN,Two year,50,70.35,No,0.04110761023217344,Low
4160-AMJTL,Month-to-month,8,19.65,Yes,0.23909774349531618,Low
2257-BOVXD,Month-to-month,14,66.6,No,0.3371272803595009,Medium
1550-LOAHA,Month-to-month,32,84.15,Yes,0.29861077004634173,Low
1972-XMUWV,Two year,65,59.8,No,0.012874353214318335,Low
2088-IEBAU,Two year,68,88.15,No,0.02775819235978099,Low
0825-CPPQH,Two year,71,19.1,No,0.0017861143594782311,Low
2070-FNEXE,Month-to-month,7,76.45,Yes,0.4200220784370619,Medium
1731-TVIUK,Month-to-month,4,93.5,Yes,0.6616291245143799,High
1697-NVVGY,Month-to-month,19,66.4,No,0.20856362672836043,Low
6754-WKSHP,One year,30,25.35,No,0.028086334027785365,Low
7036-ZZKBD,Month-to-month,31,66.4,No,0.1618689545095707,Low
2203-GHNWN,Month-to-month,24,79.65,No,0.515995634206784,Medium
8722-PRFDV,Two year,71,77.55,No,0.01033904277630389,Low
7527-QNRUS,Two year,17,25.15,No,0.04021390432212904,Low
7861-UVUFT,Month-to-month,15,84.3,Yes,0.6541897750974125,High
3563-SVYLG,Two year,68,62.65,No,0.0032862877618446504,Low
0431-APWVY,One year,28,90.1,Yes,0.29130145194169904,Low
1656-DRSMG,Month-to-month,63,109.85,No,0.30430201115119676,Medium
2027-FECZV,Month-to-month,12,106.7,Yes,0.7371306934578273,High
6857-TKDJV,Two year,67,24.65,No,0.002398862272446825,Low
0841-NULXI,Month-to-month,1,35.55,Yes,0.7125079908428867,High
3891-PUQOD,Month-to-month,1,59.2,Yes,0.4487058991251203,Medium
1229-RCALF,One year,64,115.0,No,0.16311245207095523,Low
2122-SZZZD,One year,44,19.5,No,0.013137739044673318,Low
2386-LAHRK,Month-to-month,1,53.5,Yes,0.5062931423321376,Medium
9112-WSNPU,Month-to-month,35,70.55,No,0.3792442141847127,Medium
9127-FHJBZ,Two year,72,114.0,No,0.060577744933349775,Low
5301-GAUUY,Month-to-month,32,80.35,Yes,0.38139794376541986,Medium
2139-FQHLM,Month-to-month,19,89.95,No,0.3786763036083108,Medium
8325-QRPZR,Month-to-month,7,75.15,No,0.6550174753056804,High
5129-JLPIS,Month-to-month,25,105.5,No,0.4525653099396691,Medium
3796-ENZGF,Two year,63,67.25,No,0.013858967495370874,Low
6769-DYBQN,Month-to-month,46,85.0,Yes,0.2869326477628152,Low
5312-TSZVC,One year,15,19.65,No,0.04746395596208581,Low
1205-WNWPJ,Month-to-month,7,59.5,Yes,0.35199828293587654,Medium
6328-ZPBGN,Month-to-month,11,95.15,Yes,0.7454404708883358,High
3392-EHMNK,Two year,67,94.1,No,0.03311749805611787,Low
9224-VTYID,Two year,47,90.5,No,0.028195010798530103,Low
2843-CQMEG,Month-to-month,24,49.7,No,0.1999291721715705,Low
4701-AHWMW,Month-to-month,55,54.55,Yes,0.1348848255603411,Low
1894-IGFSG,Month-to-month,22,89.25,Yes,0.5858520373289747,Medium
0665-XHDJU,Two year,72,99.4,No,0.1282380673886026,Low
6174-NRBTZ,One year,46,30.75,No,0.047364843608782986,Low
7067-KSAZT,One year,65,106.25,Yes,0.31040102976824135,Medium
1140-UKVZG,Month-to-month,17,24.8,No,0.14282160340457759,Low
4248-QPAVC,Month-to-month,17,85.35,Yes,0.49478910371990587,Medium
6698-OXETB,Two year,11,20.4,No,0.03839417561729187,Low
5574-NXZIU,Two year,63,109.2,No,0.03815874971525136,Low
0959-WHOKV,One year,42,99.0,No,0.24627939294447454,Low
2458-EOMRE,Month-to-month,11,64.05,No,0.23637860283028428,Low
9933-QRGTX,Two year,60,97.2,No,0.068230820797586,Low
0690-SRQID,Month-to-month,4,19.65,No,0.2338394363550344,Low
1150-WFARN,Two year,67,108.75,Yes,0.05433076994259778,Low
0363-QJVFX,Month-to-month,32,108.15,Yes,0.3590890352552369,Medium
0744-GKNGE,Month-to-month,64,86.8,No,0.08414391297075369,Low
6685-GBWJZ,One year,63,70.8,No,0.012301910757286507,Low
5133-VRSAB,Month-to-month,8,29.35,No,0.3408913296465575,Medium
5702-KVQRD,Two year,71,82.55,No,0.017263601431292016,Low
5057-RKGLH,Two year,9,20.35,No,0.033974056196688036,Low
9378-FXTIZ,One year,54,70.15,Yes,0.09774111977524026,Low
6710-HSJRD,Month-to-month,61,114.1,No,0.38822994639877395,Medium
1074-WVEVG,One year,59,20.35,No,0.006525981751614181,Low
0678-RLHVP,Two year,53,105.55,No,0.1697413677080154,Low
1820-TQVEV,Month-to-month,1,69.55,Yes,0.6972217564209381,High
1635-FJFCC,Month-to-month,5,44.05,No,0.3990242223089521,Medium
0123-CRBRT,Two year,61,88.1,No,0.014794338014587492,Low
4905-JEFDW,One year,11,41.6,Yes,0.43312197526514856,Medium
7401-JIXNM,Two year,54,91.3,No,0.016788091256096684,Low
8990-YOZLV,Two year,69,66.9,No,0.0074424338027419944,Low
1092-GANHU,Month-to-month,17,76.65,Yes,0.5642010661694776,Medium
5207-PLSTK,Month-to-month,1,48.75,No,0.28839535954880136,Low
2144-BFDSO,Month-to-month,50,108.75,No,0.321762201359669,Medium
9624-EGDEQ,Two year,37,19.8,No,0.011005724852053842,Low
7157-SMCFK,Two year,61,19.75,No,0.0024055775291021335,Low
4174-LPGTI,One year,41,66.5,Yes,0.03935807219978661,Low
9391-DXGGG,One year,44,89.15,No,0.16812710224192678,Low
8807-ARQET,Month-to-month,41,40.35,No,0.25743118972768947,Low
9644-KVCNC,One year,66,92.15,No,0.15430004333431174,Low
5736-YEJAX,Two year,69,79.45,No,0.009667717485241159,Low
0023-UYUPN,One year,50,25.2,No,0.02402396878947304,Low
1915-OAKWD,One year,16,19.3,No,0.057029591645722216,Low
8033-VCZGH,One year,50,103.95,No,0.29156393197708064,Low
1436-ZMJAN,Month-to-month,10,67.8,No,0.46544342532140653,Medium
9507-EXLTT,Month-to-month,1,79.35,Yes,0.6631299878297852,High
3966-HRMZA,Month-to-month,3,75.05,No,0.59039169579864,Medium
9586-JGQKH,Two year,64,105.4,No,0.08348060144275851,Low
9453-PATOS,Two year,72,85.1,No,0.008691494149675063,Low
8261-GWDBQ,Two year,60,116.05,No,0.08385687804214488,Low
4813-HQMGZ,Month-to-month,8,90.25,No,0.6690494660184629,High
2883-ILGWO,Month-to-month,57,104.9,No,0.33518123974610636,Medium
5949-HGVJL,Month-to-month,26,73.05,No,0.2841275362059149,Low
6754-LZUKA,Two year,61,80.9,No,0.030636675864993607,Low
6198-ZFIOJ,Month-to-month,5,75.6,No,0.6691457978709642,High
7409-KIUTL,Month-to-month,1,71.0,Yes,0.6889147536783947,High
4323-SADQS,Month-to-month,7,34.5,Yes,0.34469135357838365,Medium
2068-WWXQZ,Two year,46,20.05,No,0.006109265220618229,Low
1936-UAFEH,Two year,68,110.25,No,0.04102636376427315,Low
5236-PERKL,Two year,57,112.95,Yes,0.10344561110670354,Low
8189-HBVRW,Month-to-month,53,90.8,No,0.21133778607213552,Low
1370-GGAWX,One year,46,94.15,No,0.29976682268495525,Low
1200-TUZHR,Month-to-month,8,85.2,No,0.7349418935950935,High
4851-BQDNX,One year,40,85.05,No,0.23547483376405895,Low
8319-QBEHW,One year,26,39.95,No,0.14867964464706374,Low
4250-WAROZ,Month-to-month,60,93.25,No,0.2691332414497986,Low
7072-MBHEV,Month-to-month,11,78.1,No,0.6080980412863999,High
8245-UMPYT,Month-to-month,16,96.4,Yes,0.7904233700469135,High
9522-BNTHX,Month-to-month,34,56.25,No,0.4425020184711843,Medium
9646-NMHXE,Two year,47,19.65,No,0.006263936268514862,Low
1062-LHZOD,Month-to-month,1,69.9,Yes,0.5665401468972917,Medium
1035-IPQPU,Month-to-month,63,103.5,No,0.4900732205614551,Medium
8024-XNAFQ,Two year,72,107.4,No,0.04515372540599959,Low
7205-BAIAD,Two year,40,20.6,No,0.011381179551065154,Low
8083-YTZES,Month-to-month,4,74.35,Yes,0.7341327562933141,High
4919-IKATY,Month-to-month,5,84.5,Yes,0.5781077884936091,Medium
8975-SKGRX,Two year,71,116.1,No,0.056528186706808016,Low
4029-HPFVY,Month-to-month,3,70.3,No,0.6092454836739701,High
3519-ZKXGG,Month-to-month,3,75.85,Yes,0.7387272952737904,High
5214-CHIWJ,One year,27,20.3,No,0.032468271011228796,Low
0936-NQLJU,Two year,41,20.65,No,0.008253021387098847,Low
8873-GLDMH,Month-to-month,6,73.85,No,0.6609691654612031,High
7952-OBOYL,Month-to-month,3,89.85,No,0.569097276062795,Medium
5334-JLAXU,Month-to-month,60,94.1,No,0.19836476149057877,Low
7529-ZDFXI,Month-to-month,57,89.85,No,0.3908747296375963,Medium
4735-ASGMA,Month-to-month,26,98.35,Yes,0.7074494094612189,High
2338-BQEZT,Month-to-month,55,50.55,No,0.05001295155719045,Low
1493-AMTIE,Month-to-month,1,20.2,Yes,0.24644298897772762,Low
2676-SSLTO,Two year,49,66.15,No,0.032881204550709954,Low
5876-HZVZM,Month-to-month,6,55.9,Yes,0.161166452999913,Low
8375-DKEBR,Month-to-month,1,69.6,Yes,0.7406395348020015,High
7776-QGYJC,Month-to-month,39,81.5,No,0.18670237845979842,Low
2866-IKBTM,Month-to-month,1,19.55,No,0.2142072716587445,Low
0214-JHPFW,Two year,70,57.8,No,0.014629782943122404,Low
3334-CTHOL,Month-to-month,1,49.95,Yes,0.5018254629051516,Medium
7470-MCQTK,Month-to-month,13,48.75,Yes,0.5681394536261596,Medium
0016-QLJIS,Two year,65,90.45,No,0.017186705028323673,Low
5956-YHHRX,Month-to-month,21,104.35,No,0.7437351308426411,High
3933-DQPWX,Two year,50,39.7,No,0.016274424353458373,Low
7750-EYXWZ,One year,12,60.65,No,0.2869082761946883,Low
9040-KZVWO,One year,26,75.5,No,0.16134476587597493,Low
3677-IYRBF,Month-to-month,2,30.4,Yes,0.7081806933704711,High
4501-UYKBC,One year,46,69.1,No,0.09149339190645266,Low
0345-XMMUG,Two year,46,108.9,No,0.13115516194290502,Low
0310-MVLET,Month-to-month,61,99.15,Yes,0.376810861414809,Medium
4521-YEEHE,Month-to-month,18,88.85,No,0.6094920593636264,High
6429-SHBCB,Month-to-month,19,69.6,No,0.3952303265429598,Medium
9283-LZQOH,Month-to-month,13,74.4,Yes,0.5232329067979404,Medium
3372-CDXFJ,One year,13,24.5,No,0.06328987244731851,Low
7075-BNDVQ,Month-to-month,4,35.0,No,0.39071526896214875,Medium
4056-QHXHZ,Two year,72,107.45,No,0.03751208148543821,Low
5351-QESIO,Month-to-month,1,24.2,No,0.47600123900096736,Medium
3374-LXDEV,Month-to-month,13,89.4,Yes,0.47072066384415123,Medium
1087-UDSIH,Month-to-month,3,19.6,Yes,0.24817174704052927,Low
3916-NRPAP,Month-to-month,3,85.7,No,0.5769815800920415,Medium
6969-MVBAI,Month-to-month,9,90.1,No,0.7897909595748321,High
6319-IEJWJ,Month-to-month,20,90.2,Yes,0.6040982002720905,High
7912-SYRQT,Month-to-month,7,75.1,Yes,0.6352957601356629,High
5539-TMZLF,Month-to-month,1,69.75,Yes,0.7357433237304686,High
2985-FMWYF,Month-to-month,23,93.5,No,0.7351503736355263,High
9359-JANWS,Two year,65,58.9,No,0.005112086283335134,Low
3620-EHIMZ,Two year,52,19.35,No,0.003931465240171628,Low
4026-SKKHW,Month-to-month,3,50.25,No,0.32692671235671567,Medium
8622-ZLFKO,Month-to-month,6,90.75,No,0.7190978279795136,High
3496-LFSZU,Month-to-month,4,70.5,No,0.5971061205667564,Medium
7398-LXGYX,Month-to-month,44,84.8,No,0.2547495832196698,Low
3452-ABWRL,Month-to-month,47,86.05,No,0.4234418996790172,Medium
7351-MHQVU,Month-to-month,6,50.95,No,0.27328527135724834,Low
4060-LDNLU,Month-to-month,7,96.2,No,0.7404308029995922,High
4648-YPBTM,Two year,53,73.9,No,0.02749401182068907,Low
8660-BUETV,Month-to-month,3,44.75,No,0.3589290048785613,Medium
1345-GKDZZ,Month-to-month,6,19.55,No,0.14145949636794442,Low
4112-LUEIZ,Month-to-month,10,89.5,Yes,0.7275206519516958,High
5419-KLXBN,Month-to-month,25,89.15,Yes,0.3872299401291036,Medium
6233-HXJMX,Month-to-month,45,89.3,No,0.4357510033174128,Medium
7398-SKNQZ,Month-to-month,3,94.9,No,0.7663719518524779,High
5712-PTIWW,Month-to-month,2,79.85,Yes,0.5965184115908836,Medium
2673-ZALNP,One year,7,19.9,No,0.08725964051542567,Low
6212-ATMLK,Month-to-month,50,95.7,No,0.5405178396650977,Medium
9402-ROUMJ,One year,67,100.25,No,0.06534600522784745,Low
0256-LTHVJ,Month-to-month,28,81.05,Yes,0.4712296434575778,Medium
4785-QRJHC,One year,46,59.9,Yes,0.1039835241613681,Low
4999-IEZLT,One year,66,29.45,No,0.014958140082888644,Low
7868-BGSZA,One year,43,80.2,No,0.14732315158369444,Low
4237-RLAQD,Month-to-month,1,45.85,Yes,0.43889165228897586,Medium
1171-TYKUR,Month-to-month,47,25.4,No,0.044820425242680116,Low
6248-BSHKG,One year,61,20.4,No,0.004479595599344036,Low
6016-LVTJQ,Month-to-month,34,20.65,No,0.03729690478327546,Low
4667-OHGKG,Month-to-month,1,19.3,Yes,0.264454347001421,Low
7781-EWARA,One year,70,60.35,No,0.030351284086082543,Low
5730-DBDSI,Two year,66,19.7,No,0.0021863899197776568,Low
9692-TUSXH,Month-to-month,18,96.05,Yes,0.583946042698129,Medium
0519-DRGTI,Month-to-month,20,20.35,No,0.07400216358152413,Low
3551-GAEGL,One year,34,30.4,No,0.04640650065933234,Low
5442-BHQNG,Month-to-month,2,70.35,No,0.624975159757039,High
5600-KTXFM,Month-to-month,2,69.95,No,0.4843880725477599,Medium
4445-KWOKW,One year,42,60.15,No,0.04677904241858858,Low
2959-MJHIC,Month-to-month,4,80.35,Yes,0.7147232586247071,High
4587-VVTOX,Month-to-month,6,105.3,Yes,0.7654265438823665,High
7105-MXJLL,One year,26,60.7,No,0.1357389469074438,Low
1143-NMNQJ,Month-to-month,2,85.7,Yes,0.7848432426357969,High
6845-RGTYS,Month-to-month,47,98.75,Yes,0.3637697580839782,Medium
3521-HTQTV,Two year,34,26.1,No,0.016131171974853257,Low
3207-OYBWH,Month-to-month,57,95.25,Yes,0.33574824643557266,Medium
2324-AALNO,One year,48,24.55,No,0.015329996616507456,Low
1222-LRYKO,Month-to-month,6,26.35,No,0.17785007833001168,Low
0015-UOCOJ,Month-to-month,7,48.2,No,0.408223347160966,Medium
7465-ZZRVX,Month-to-month,1,70.35,No,0.6940304665778283,High
2954-PIBKO,Two year,69,64.15,No,0.0065153169920563565,Low
5006-MXVRN,Two year,39,20.7,No,0.009147108770771135,Low
8914-RBTSB,Month-to-month,31,93.8,Yes,0.5056034776690297,Medium
5445-PZWGX,One year,62,102.0,Yes,0.08782569019771073,Low
8413-YNHNV,Two year,69,90.65,No,0.014309911503687423,Low
3932-CMDTD,One year,4,105.65,Yes,0.46114585602531466,Medium
0301-KOBTQ,Two year,32,20.05,No,0.016575588677373295,Low
9565-DJPIB,Month-to-month,4,89.6,Yes,0.5631462107694785,Medium
9591-YVTEB,Month-to-month,55,44.85,No,0.1353330524091001,Low
3063-QFSZL,Month-to-month,1,55.4,Yes,0.5724744685550118,Medium
6917-YACBP,Month-to-month,59,89.75,No,0.27364626827739086,Low
2277-VWCNI,Month-to-month,4,48.75,No,0.4687745303609525,Medium
9894-QMIMJ,One year,23,55.8,No,0.08235812307048078,Low
8224-KDLKN,Two year,72,25.0,No,0.0018563589021401278,Low
2995-YWTCD,Two year,19,24.9,No,0.034867761448554274,Low
8028-PNXHQ,Two year,62,24.25,No,0.004063856307679652,Low
4376-KFVRS,Two year,72,114.05,No,0.048603662638430266,Low
8258-GSTJK,Month-to-month,3,77.0,Yes,0.7698435949579141,High
6661-HBGWL,Month-to-month,42,104.75,Yes,0.5299171453669386,Medium
1849-RJYIG,Month-to-month,8,60.0,No,0.40417268418592167,Medium
0886-QGENL,Month-to-month,27,101.25,Yes,0.5741974556917813,Medium
4415-IJZTP,Month-to-month,1,74.5,Yes,0.7592962421300848,High
5419-CONWX,Month-to-month,4,99.8,Yes,0.7021329816067927,High
6124-ACRHJ,Month-to-month,1,19.75,No,0.2135736934236746,Low
0376-YMCJC,Month-to-month,23,90.6,Yes,0.5582400590226165,Medium
9039-RBEEE,Month-to-month,39,48.95,Yes,0.11406206297515566,Low
9369-XFEHK,Month-to-month,33,80.6,Yes,0.4168219726699791,Medium
6345-ULYRW,One year,44,88.4,Yes,0.20967318073945168,Low
7180-PISOG,Month-to-month,1,74.5,Yes,0.7055186437442295,High
8069-RHUXK,Two year,67,35.7,No,0.004485417578219874,Low
5696-JVVQY,Two year,48,70.1,No,0.017220904751846726,Low
0895-LNKRC,One year,6,19.45,No,0.07076416048926054,Low
2778-OCLGR,Month-to-month,24,39.1,Yes,0.2586944925200771,Low
5702-SKUOB,Month-to-month,4,19.6,No,0.18622871122804924,Low
6260-XLACS,One year,4,19.7,No,0.09874009158323604,Low
5820-PTRYM,One year,56,68.45,No,0.029451075049697843,Low
9251-AWQGT,Two year,48,20.0,No,0.00473799845151224,Low
1716-LSAMB,Two year,45,54.65,No,0.00794382335113169,Low
5829-NVSQN,One year,23,68.75,No,0.07998687658776978,Low
5605-XNWEN,Two year,72,25.0,No,0.0038657934435379,Low
9986-BONCE,Month-to-month,4,20.95,Yes,0.17421770124925243,Low
8849-GYOKR,One year,54,106.55,Yes,0.13405745606815633,Low
7130-YXBRO,Month-to-month,48,111.45,No,0.3452337017644593,Medium
2495-INZWQ,Month-to-month,4,44.55,Yes,0.7351308634025402,High
7351-KYHQH,Month-to-month,7,64.95,No,0.5269863484683707,Medium
1376-HHBDV,Month-to-month,30,48.8,No,0.13760553644633122,Low
9465-RWMXL,Month-to-month,32,78.9,Yes,0.5158739661176798,Medium
7969-FFOWG,Two year,65,19.9,No,0.0019600720387945992,Low
2599-CZABP,One year,14,44.6,No,0.17640248082237547,Low
1757-TCATG,One year,35,20.05,No,0.015797339807935195,Low
7181-BQYBV,Month-to-month,1,102.45,Yes,0.7147137898663507,High
7571-YXDAD,Month-to-month,2,74.9,Yes,0.6141623693933945,High
3807-XHCJH,Month-to-month,1,20.0,No,0.2220663320825628,Low
9318-NKNFC,Month-to-month,1,18.85,Yes,0.26610682014129394,Low
9602-WCXPI,One year,50,20.15,No,0.009677176251596415,Low
9050-IKDZA,Month-to-month,2,81.5,No,0.64698068277874,High
8443-ZRDBZ,Month-to-month,4,76.05,Yes,0.7309647292337639,High
8739-WWKDU,Month-to-month,25,89.5,Yes,0.6487161533611571,High
6896-SRVYQ,Month-to-month,44,73.85,No,0.3137375833212471,Medium
2023-VQFDL,Month-to-month,18,19.0,No,0.13264306134290754,Low
6968-GMKPR,Month-to-month,55,81.55,No,0.24585207822496516,Low
5555-RNPGT,Month-to-month,10,24.8,No,0.14707034437537658,Low
5955-EPOAZ,Month-to-month,6,20.95,No,0.2157026003928379,Low
1448-PWKYE,Month-to-month,1,80.0,Yes,0.6172494616640648,High
3413-CSSTH,Month-to-month,41,55.7,No,0.16089597264692407,Low
7018-FPXHH,Two year,56,59.8,No,0.009129826368341643,Low
2798-NYLMZ,Two year,71,108.55,No,0.060874365350867106,Low
8194-PEEBY,One year,24,19.9,No,0.030357828912775584,Low
6048-QBXKL,Month-to-month,2,56.55,No,0.4920395669166024,Medium
5356-CSVSQ,Month-to-month,3,64.6,No,0.4614106376758518,Medium
3612-YVGSJ,Two year,71,24.45,No,0.003492207882731119,Low
9025-ZRPVR,Month-to-month,9,18.95,Yes,0.19408269710445183,Low
6646-VRFOL,Month-to-month,53,103.85,Yes,0.5498286752023546,Medium
1036-GUDCL,Month-to-month,60,79.05,No,0.042814977753313437,Low
0020-INWCK,Two year,71,95.75,No,0.05766732214474824,Low
4824-GUCBY,Month-to-month,22,81.7,No,0.35365990178594,Medium
7666-WKRON,Two year,39,80.45,Yes,0.10347495100558228,Low
6608-QQLVK,Month-to-month,1,50.5,Yes,0.517518150938318,Medium
4378-BZYFP,One year,17,20.5,No,0.06907853199321737,Low
4633-MKHYU,Month-to-month,9,88.4,No,0.6798301739628705,High
8637-XJIVR,Month-to-month,12,78.95,Yes,0.5851614190468433,Medium
3778-FOAQW,One year,24,20.15,No,0.03681869040772958,Low
2057-ZBLPD,Month-to-month,21,86.5,Yes,0.660795471953637,High
0931-MHTEM,One year,54,100.05,No,0.12889451983790728,Low
1240-KNSEZ,Month-to-month,1,20.1,Yes,0.2615328933492171,Low
1963-VAUKV,Month-to-month,1,20.4,Yes,0.21152399944992603,Low
9227-YBAXE,Two year,65,82.5,No,0.013449822080167017,Low
5049-MUBWG,One year,26,75.0,No,0.06656250042126521,Low
6821-BUXUX,Month-to-month,13,96.65,Yes,0.5869806650977019,Medium
7594-LZNWR,Month-to-month,34,69.15,No,0.305374017966934,Medium
2509-TFPJU,Two year,72,25.75,No,0.0024796266827270975,Low
3908-BLSYF,Month-to-month,6,83.9,Yes,0.6492628897256298,High
4873-ILOLJ,Month-to-month,24,90.35,Yes,0.6420865097760138,High
3594-IVHJZ,Month-to-month,2,20.45,No,0.2548969940208562,Low
6218-KNUBD,Month-to-month,6,59.45,No,0.40662979520166337,Medium
5067-WJEUN,Two year,67,54.2,No,0.005542462954617281,Low
3780-DDGSE,Month-to-month,35,76.05,No,0.2119937670332562,Low
3689-MOZGR,Month-to-month,29,31.2,No,0.26573445101565957,Low
4223-BKEOR,One year,21,64.85,No,0.07792266532724061,Low
0064-YIJGF,Month-to-month,27,75.75,No,0.38758788941559175,Medium
0616-ATFGB,Month-to-month,1,25.05,Yes,0.6437871785814484,High
3967-KXAPS,Two year,72,92.3,No,0.012389979395584942,Low
5339-TJFEK,Month-to-month,62,105.5,No,0.28723837923350876,Low
0365-BZUWY,Month-to-month,17,102.55,No,0.7208799765214615,High
1236-WFCDV,Month-to-month,14,90.45,Yes,0.601175348693415,High
0330-IVZHA,Month-to-month,5,69.95,Yes,0.5939133363515602,Medium
6910-HADCM,Month-to-month,1,76.35,Yes,0.6295069920952266,High
3094-JOJAI,Month-to-month,18,74.15,No,0.4896942870948334,Medium
3594-UVONA,One year,35,85.95,Yes,0.10327598418000246,Low
2138-VFAPZ,Two year,14,19.7,No,0.03540675409867027,Low
4641-FROLU,Two year,30,19.3,No,0.012073170067423596,Low
7018-WBJNK,Month-to-month,13,78.3,No,0.5285973719024198,Medium
0083-PIVIK,One year,64,81.25,No,0.030836330203113743,Low
1429-UYJSV,One year,12,19.7,No,0.06892350990803715,Low
7115-IRDHS,Two year,72,24.65,No,0.0024669000387188456,Low
3164-YAXFY,Month-to-month,57,53.75,No,0.17923305245098892,Low
0916-KNFAJ,Two year,61,69.9,No,0.023105644753438553,Low
3244-CQPHU,Two year,72,110.1,No,0.05813770591022394,Low
6445-TNRXS,Two year,68,114.7,No,0.04811127678682846,Low
3211-ILJTT,Month-to-month,17,70.4,Yes,0.4604790168873825,Medium
3890-RTCMS,Month-to-month,16,49.45,No,0.22204864290867302,Low
3724-BSCVH,One year,10,20.45,No,0.058200953233479194,Low
1768-ZAIFU,Month-to-month,1,25.2,Yes,0.7172491306731007,High
7432-FFVAR,One year,46,90.95,No,0.08633595973211063,Low
6682-QJDGB,Month-to-month,40,55.25,Yes,0.06261360425471246,Low
3635-QQRQD,Two year,62,20.05,No,0.0037437353017941697,Low
7251-XFOIL,Month-to-month,61,89.2,No,0.26346158665036734,Low
3926-CUQZX,Month-to-month,1,45.1,Yes,0.4232845406038704,Medium
9972-VAFJJ,One year,53,94.0,No,0.16733545961008883,Low
6542-LWGXJ,Month-to-month,3,25.0,No,0.49842566044309033,Medium
7343-EOBEU,Month-to-month,3,23.6,No,0.3020033496679536,Medium
5899-OUVKV,Month-to-month,31,94.5,No,0.5553248392696976,Medium
1074-AMIOH,Month-to-month,53,108.25,No,0.2268235145989836,Low
9152-AMKAK,Two year,6,80.25,No,0.1007087698752076,Low
6833-JMZYP,Month-to-month,15,94.0,No,0.6406095129792082,High
3398-GCPMU,Two year,72,89.55,No,0.015894166901693013,Low
3391-JSQEW,Month-to-month,40,50.15,No,0.11108356589930486,Low
7239-HZZCX,Month-to-month,1,19.75,Yes,0.20981751187416917,Low
2908-ZTPNF,Month-to-month,36,34.85,No,0.13282471372344085,Low
6979-ZNSFF,Month-to-month,8,87.05,Yes,0.7563525609311783,High
0018-NYROU,Month-to-month,5,68.95,No,0.6682868748599445,High
6797-UCJHZ,One year,66,104.6,No,0.1803107668056466,Low
2364-UFROM,One year,30,70.4,No,0.05461277188078507,Low
0909-SDHNU,Month-to-month,7,29.8,No,0.30566925511945575,Medium
6861-XWTWQ,Month-to-month,7,99.25,Yes,0.8259794961448997,High
1139-WUOAH,Two year,57,53.35,No,0.028705680105978567,Low
7250-EQKIY,Month-to-month,1,50.45,Yes,0.31847014223064857,Medium
7754-IXRMC,Month-to-month,1,45.35,No,0.37558370420106124,Medium
6284-AHOOQ,Month-to-month,22,90.5,Yes,0.5229706075528634,Medium
8821-XNHVZ,Month-to-month,1,80.05,Yes,0.625741625157335,High
4546-FOKWR,Month-to-month,16,74.75,No,0.5648032259647319,Medium
4979-HPRFL,Two year,56,24.15,No,0.0042467892878485375,Low
3352-ALMCK,Month-to-month,40,102.65,No,0.5175891693788334,Medium
1045-LTCYT,Month-to-month,8,21.05,No,0.1208056941147558,Low
4489-SNOJF,Month-to-month,35,72.25,Yes,0.12912164054292813,Low
4191-XOVOM,Month-to-month,63,105.4,No,0.2896697157245327,Low
1848-LBZHY,Month-to-month,7,50.3,No,0.266920693016652,Low
9092-GDZKO,Month-to-month,22,24.85,No,0.13689752571765165,Low
9761-XUJWD,Month-to-month,5,65.6,No,0.2949620593706286,Low
8059-UDZFY,Month-to-month,33,105.35,No,0.5333283903425793,Medium
3378-AJRAO,One year,44,24.85,No,0.020085370070902758,Low
7047-FWEYA,One year,46,103.15,No,0.27290322709598264,Low
5268-DSMNQ,One year,62,97.95,No,0.17930290121535283,Low
9940-RHLFB,Month-to-month,1,75.3,Yes,0.6341089273336593,High
2606-RMDHZ,Month-to-month,6,30.5,Yes,0.48200343198134094,Medium
0818-OCPZO,Month-to-month,27,81.45,Yes,0.5536228495897998,Medium
5120-ZBLAI,One year,50,75.7,No,0.09218426953422755,Low
4631-OACRM,Month-to-month,15,79.4,Yes,0.6807645041782007,High
8593-WHYHV,Month-to-month,3,85.3,Yes,0.7774788434029899,High
4234-XTNEA,Month-to-month,2,79.95,No,0.7358949888328767,High
3234-VKACU,Month-to-month,2,70.3,No,0.4404330658800178,Medium
3745-HRPHI,Two year,66,54.65,No,0.014962198891349886,Low
7554-AKDQF,Month-to-month,6,45.65,No,0.32296045696955933,Medium
3197-ARFOY,Month-to-month,19,105.0,No,0.41577426831839803,Medium
9121-PHQSR,Month-to-month,16,85.05,No,0.6692726977999318,High
1587-FKLZB,Month-to-month,66,99.5,Yes,0.37310943927718654,Medium
8058-DMYRU,Month-to-month,54,90.05,No,0.4380961331359801,Medium
1264-FUHCX,One year,49,56.3,No,0.07608704904086147,Low
4343-EJVQB,Month-to-month,7,74.35,No,0.3985141280212655,Medium
6713-OKOMC,Month-to-month,10,29.75,No,0.3245546432056297,Medium
3649-JPUGY,Two year,72,88.6,No,0.02115211139430716,Low
1004-NOZNR,One year,56,94.8,No,0.10167895958770286,Low
9364-YKUVW,Month-to-month,15,19.8,No,0.148572052580394,Low
6194-HBGQN,One year,51,81.15,No,0.03939359372978446,Low
3229-USWAR,One year,34,79.95,No,0.07378049563444357,Low
3658-KIBGF,Month-to-month,1,54.9,Yes,0.3670065694426882,Medium
9643-YBLUR,Month-to-month,9,69.05,No,0.43410196551125024,Medium
1845-ZLLIG,Month-to-month,1,50.15,No,0.3929413853708018,Medium
0524-IAVZO,Month-to-month,30,85.0,Yes,0.605730182599142,High
5692-FPTAH,Month-to-month,1,45.4,Yes,0.44653654680427685,Medium
6317-YPKDH,Month-to-month,1,29.95,Yes,0.4650350880692752,Medium
9823-EALYC,Two year,72,80.85,No,0.007985197536404682,Low
9167-APMXZ,Month-to-month,22,84.15,No,0.5806609266262356,Medium
8246-SHFGA,Month-to-month,17,21.1,No,0.10009968531365415,Low
3413-DHLPB,Month-to-month,60,103.75,No,0.22032207057688155,Low
2533-QVMSK,Two year,61,94.1,Yes,0.08417645034932512,Low
8751-EDEKA,Month-to-month,28,89.9,No,0.343668154563339,Medium
2696-RZVZW,Two year,68,25.05,No,0.002939768318629278,Low
0484-JPBRU,Month-to-month,41,25.25,No,0.05615290160044339,Low
8849-AYPTR,Month-to-month,33,91.25,No,0.4885459339342941,Medium
8671-KKKOS,Month-to-month,46,45.55,No,0.1223496483000844,Low
2824-MYYBN,Month-to-month,37,95.25,No,0.5573051484503132,Medium
1112-CUNAO,Month-to-month,15,89.85,Yes,0.6557765589575558,High
9221-OTIVJ,Month-to-month,14,104.85,Yes,0.7778120272587692,High
5364-EVNIB,Month-to-month,13,79.8,Yes,0.5534857787039128,Medium
3439-GVUSX,Month-to-month,1,24.4,No,0.5319640311632703,Medium
1052-QJIBV,Two year,71,19.9,No,0.0014117545014666311,Low
4504-YOULA,Month-to-month,35,59.45,No,0.10367701377067386,Low
6292-TOSSS,Two year,50,24.9,No,0.007113149327344172,Low
9480-BQJEI,One year,62,92.3,No,0.10166009678060316,Low
1043-UXOVO,Two year,71,113.15,No,0.058974927897807346,Low
4660-IRIBM,Month-to-month,18,87.9,No,0.38879916093318295,Medium
9483-GCPWE,One year,9,20.1,No,0.06232044866424424,Low
0835-DUUIQ,One year,24,21.05,No,0.02820817229210778,Low
4077-HWUYD,Two year,72,87.55,No,0.01290015591277547,Low
6848-HJTXY,Two year,64,19.45,No,0.0025181416259437753,Low
4184-VODJZ,One year,63,91.35,No,0.15120041459440406,Low
7663-RGWBC,Month-to-month,1,44.15,Yes,0.4467941180413781,Medium
0221-NAUXK,One year,10,19.95,No,0.07311743600044672,Low
8378-LKJAF,Month-to-month,38,101.15,No,0.4958904898053354,Medium
6857-VWJDT,Month-to-month,1,95.65,Yes,0.7214009124623957,High
0114-IGABW,Two year,71,58.25,No,0.014157406587421565,Low
3177-LASXD,Month-to-month,1,71.35,Yes,0.629038659049551,High
5928-QLDHB,Month-to-month,9,76.25,No,0.6944856652488145,High
2408-PSJVE,Month-to-month,44,61.9,No,0.062329753884258786,Low
6661-EIPZC,Month-to-month,48,29.5,No,0.07449454261562395,Low
6388-TABGU,One year,62,56.15,No,0.009121839675620896,Low
0581-MDMPW,Month-to-month,24,88.95,No,0.5818101304605319,Medium
2466-NEJOJ,Month-to-month,8,19.65,No,0.12224394332944813,Low
9971-ZWPBF,Month-to-month,34,108.9,No,0.5211720129966498,Medium
5650-YLIBA,Month-to-month,31,81.15,No,0.48921882001744976,Medium
3977-QCRSL,Month-to-month,5,20.15,No,0.18089441412825358,Low
4626-OZDTJ,One year,51,78.65,No,0.071757829500246,Low
4869-EPIUS,One year,56,80.9,No,0.1761483501685598,Low
6164-HAQTX,Two year,71,53.95,No,0.006857331689673657,Low
7668-XCFYV,Month-to-month,17,92.55,No,0.7907444724905873,High
7209-JCUDS,Month-to-month,10,94.9,Yes,0.7372479429976724,High
3923-CSIHK,Month-to-month,50,71.05,Yes,0.3147432616236079,Medium
1816-FLZDK,Month-to-month,1,29.15,No,0.43250111953641257,Medium
0347-UBKUZ,Month-to-month,15,19.9,No,0.11748402755915546,Low
6345-FZOQH,Two year,69,19.9,No,0.0020003445006004598,Low
9337-SRRNI,Two year,66,25.3,No,0.0036419814771397516,Low
5458-CQJTA,Two year,65,74.8,Yes,0.010268873898997971,Low
4250-ZBWLV,One year,68,108.45,Yes,0.14826722284723393,Low
7576-JMYWV,Month-to-month,46,110.2,No,0.34532421179932665,Medium
9298-WGMRW,Two year,72,115.5,No,0.05533380958284108,Low
4779-ZGICK,Two year,48,23.55,No,0.006828706620723373,Low
6434-TTGJP,Two year,10,53.7,No,0.06022596478818013,Low
2079-FBMZK,Month-to-month,6,69.25,Yes,0.5927741758076887,Medium
7537-CBQUZ,Month-to-month,63,109.4,No,0.32809177222478997,Medium
1265-ZFOSD,Two year,64,81.3,No,0.014003574428037761,Low
2955-BJZHG,Month-to-month,17,80.85,Yes,0.4940176507368632,Medium
7273-TEFQD,Month-to-month,3,41.15,Yes,0.732078554922908,High
4189-NAKJS,One year,26,51.55,No,0.14145930845241714,Low
2150-OEGBV,One year,27,20.1,No,0.029934431313056786,Low
3546-GHEAE,Two year,7,19.45,No,0.047717313925928685,Low
3244-DCJWY,Month-to-month,1,70.25,Yes,0.6991856634863243,High
4072-IPYLT,Month-to-month,36,51.05,No,0.06158772377856432,Low
8739-QOTTN,Month-to-month,2,20.35,No,0.19936522184260477,Low
4634-JLRJT,Month-to-month,1,20.35,No,0.26498494179471704,Low
6036-TTFYU,Month-to-month,16,19.6,No,0.10962407073906338,Low
5847-MXBEO,One year,22,20.3,No,0.041299682503661304,Low
5371-VYLSX,Month-to-month,50,83.4,No,0.2976960529191374,Low
2055-PDADH,Month-to-month,3,70.4,Yes,0.7232660175574737,High
7124-UGSUR,One year,61,104.4,Yes,0.25805038781565326,Low
3258-SANFR,Month-to-month,6,44.7,No,0.35892957487927757,Medium
2761-XECQW,Month-to-month,8,43.35,No,0.5767886033323188,Medium
5297-MDOIR,One year,63,81.15,No,0.062352716863384366,Low
4713-LZDRV,Month-to-month,2,79.6,Yes,0.7732553635957293,High
3466-RITXD,Month-to-month,26,92.4,No,0.41508404985143205,Medium
0187-QSXOE,Month-to-month,7,89.0,No,0.7779243555470664,High
3982-DQLUS,Month-to-month,65,85.75,No,0.17420923842699715,Low
0422-UXFAP,One year,51,98.85,No,0.363216302979218,Medium
9851-KIELU,Month-to-month,10,110.1,Yes,0.49255473065660144,Medium
4803-LBYPN,Month-to-month,34,20.8,No,0.03554247185235646,Low
1156-ZFYDO,Month-to-month,1,19.75,No,0.2696584595282679,Low
5950-AAAGJ,Month-to-month,18,84.3,No,0.5368783967441196,Medium
4686-UXDML,Month-to-month,21,99.85,No,0.61116828417737,High
5469-CTCWN,One year,61,106.0,Yes,0.16981096639896548,Low
9979-RGMZT,One year,7,94.05,No,0.46488181175342924,Medium
7623-TRNQN,Month-to-month,1,49.9,Yes,0.2973340610231557,Low
5542-TBBWB,Month-to-month,1,69.9,No,0.6958278833195309,High
8535-SFUTN,Month-to-month,61,106.45,No,0.38465235749917254,Medium
9494-BDNNC,One year,66,95.3,No,0.14336141686314133,Low
9450-TRJUU,Month-to-month,35,83.15,No,0.49541426770860136,Medium
5759-RCVCB,Month-to-month,3,35.2,Yes,0.5573746541710856,Medium
2832-SCUCO,Month-to-month,2,19.9,No,0.2601859694959951,Low
8887-IPQNC,Month-to-month,7,44.25,No,0.3824552860463476,Medium
8495-PRWFH,Month-to-month,42,55.65,No,0.20667199727426414,Low
6537-QLGEX,Month-to-month,16,38.9,No,0.46897941473547683,Medium
2606-PKWJB,One year,40,40.25,No,0.024606778485348136,Low
1272-ILHFG,One year,15,19.65,No,0.046202463417969256,Low
8805-JNRAZ,Month-to-month,2,49.2,No,0.3252426986074524,Medium
7695-PKLCZ,Two year,68,20.5,No,0.0021501038424508955,Low
7005-CCBKV,Month-to-month,6,84.4,Yes,0.6663689280495216,High
2305-MRGLV,Month-to-month,28,76.55,No,0.2225699777054685,Low
3705-PSNGL,One year,45,20.4,Yes,0.02358523282471864,Low
2266-SJNAT,One year,72,109.15,No,0.10412743448455006,Low
5821-MMEIL,Two year,57,19.9,No,0.0034841958290578014,Low
6518-LGAOV,Month-to-month,38,105.0,Yes,0.5542858015156423,Medium
7742-MYPGI,Month-to-month,6,48.8,No,0.25885080600926524,Low
2061-VVFST,Month-to-month,37,19.5,No,0.038293434216858165,Low
6821-JPCDC,One year,48,97.05,No,0.2835876967369465,Low
0436-TWFFZ,Two year,67,85.25,No,0.02242381755059013,Low
8970-ANWXO,One year,23,73.75,No,0.20412780321464574,Low
3453-RTHJQ,Month-to-month,6,69.1,No,0.6610657698054874,High
1069-QJOEE,One year,25,19.9,No,0.037503731232859716,Low
0281-CNTZX,Two year,63,19.95,No,0.003360930812565301,Low
0058-EVZWM,Month-to-month,55,89.8,No,0.2518845638319011,Low
6008-NAIXK,One year,54,55.45,No,0.14666323734500844,Low
3191-CSNMG,Month-to-month,3,80.7,No,0.6776257060722957,High
0909-SELIE,Two year,61,80.8,No,0.013990486463890733,Low
4237-CLSMM,Month-to-month,2,20.0,No,0.19666794025135134,Low
5196-SGOAK,Month-to-month,1,75.7,Yes,0.6530454327543473,High
6543-CPZMK,Month-to-month,9,29.95,Yes,0.46829434646442214,Medium
8272-ONJLV,One year,12,95.7,No,0.47606730133524056,Medium
3313-QKNKB,One year,59,85.55,Yes,0.17487586730474597,Low
3675-EQOZA,Month-to-month,5,20.65,No,0.16415694215833831,Low
7893-IXHRQ,Month-to-month,1,20.55,Yes,0.26232148985969195,Low
3190-FZATL,Month-to-month,14,19.95,No,0.09740129596984179,Low
2731-GJRDG,One year,32,109.55,No,0.24820701523969885,Low
0076-LVEPS,Month-to-month,29,45.0,No,0.10873066129863213,Low
2252-NKNSI,Two year,52,85.15,No,0.022941165470960336,Low
2897-DOVND,Month-to-month,2,69.8,No,0.6890342989676195,High
4465-VDKIQ,Month-to-month,18,77.8,No,0.4532165061932631,Medium
8652-YHIYU,One year,16,79.5,No,0.25513033873282803,Low
8016-NCFVO,Month-to-month,55,116.5,No,0.3732775183891661,Medium
8626-PTQGE,Two year,69,60.05,No,0.013342100829481788,Low
9685-WKZGT,Month-to-month,14,74.95,Yes,0.7028434378544197,High
7502-BNYGS,Month-to-month,46,69.1,No,0.1596182211919158,Low
1619-YWUBB,Two year,68,24.95,No,0.004022474433051328,Low
0851-DFJKB,Month-to-month,15,58.95,No,0.17514060413661076,Low
7009-PCARS,One year,55,19.1,No,0.005726263675476651,Low
9258-CNWAC,Two year,71,113.65,No,0.03648926310776435,Low
0106-GHRQR,Month-to-month,16,71.4,No,0.3649387283501441,Medium
2984-RGEYA,Two year,69,19.75,No,0.0015177022123521232,Low
0513-RBGPE,Two year,37,62.8,No,0.02199638790345821,Low
9122-UMROB,Month-to-month,1,20.3,No,0.2081046592822621,Low
1265-HVPZB,One year,59,66.4,No,0.02154411951828324,Low
2604-IJPDU,Month-to-month,20,96.55,No,0.36192563787719073,Medium
8879-XUAHX,Two year,71,116.25,No,0.08666805694092207,Low
0975-UYDTX,One year,26,90.1,No,0.10888765713590053,Low
5281-BUZGT,Month-to-month,36,90.85,Yes,0.5045834277702438,Medium
8314-HTWVE,Two year,7,19.85,No,0.037767733158856134,Low
1038-RQOST,Month-to-month,19,20.6,No,0.07549164480247221,Low
5889-JTMUL,Month-to-month,50,95.05,Yes,0.49810811238150976,Medium
9747-DDZOS,Month-to-month,1,73.5,Yes,0.5495527633716789,Medium
2748-MYRVK,One year,63,99.9,Yes,0.1462263406298521,Low
7654-YWJUF,One year,43,84.25,No,0.07512096731084211,Low
6823-SIDFQ,One year,28,18.25,No,0.030164120242288484,Low
7463-IFMQU,Two year,72,20.05,No,0.001619483897557849,Low
1658-XUHBX,Month-to-month,59,88.75,No,0.3196905717131895,Medium
8993-PHFWD,Month-to-month,3,25.25,Yes,0.5835584084887323,Medium
2700-LUEVA,Month-to-month,1,20.75,No,0.2003101911477699,Low
1965-DDBWU,Month-to-month,16,89.05,Yes,0.534869560168973,Medium
1768-HNVGJ,Month-to-month,45,70.05,No,0.15829984811556289,Low
3858-XHYJO,One year,40,105.75,No,0.2119686343252611,Low
2284-VFLKH,One year,49,99.25,No,0.17835705874896862,Low
2609-IAICY,Month-to-month,1,77.15,Yes,0.750053438580366,High
8930-XOTDP,Month-to-month,18,55.95,No,0.23049268247932886,Low
2434-EEVDB,Two year,64,94.6,No,0.06703486210326293,Low
4973-MGTON,Two year,71,84.4,No,0.011342439089886322,Low
6227-HWPWX,Month-to-month,15,69.0,Yes,0.3637044609034649,Medium
1541-ETJZO,Month-to-month,1,62.05,Yes,0.3376041127414819,Medium
3682-YEUWS,Month-to-month,10,24.4,No,0.1928543612311014,Low
6953-PBDIN,Two year,70,72.95,No,0.011961439406751099,Low
6332-FBZRI,One year,67,69.35,No,0.012236369833532625,Low
0754-EEBDC,Two year,4,19.9,No,0.04269489340183376,Low
2535-PBCGC,Two year,70,64.55,No,0.01048697757323716,Low
5167-ZFFMM,Month-to-month,1,90.85,Yes,0.6794413863887085,High
2659-VXMWZ,One year,67,111.3,Yes,0.1610855190052464,Low
0506-LVNGN,Month-to-month,5,75.55,Yes,0.6321451108354902,High
0323-XWWTN,Two year,3,26.4,No,0.07880071264015666,Low
3679-XASPY,Month-to-month,1,19.45,No,0.22386161404359933,Low
4092-OFQZS,One year,20,20.65,No,0.04397368303747999,Low
3227-WLKLI,Two year,65,91.55,No,0.011682977455075192,Low
0447-BEMNG,Month-to-month,48,45.3,Yes,0.12263169034536105,Low
5968-HYJRZ,Two year,47,24.55,No,0.007064593646076642,Low
3331-HQDTW,Month-to-month,34,109.8,Yes,0.44772168857054606,Medium
4102-HLENU,Two year,67,65.65,No,0.008615691561537601,Low
0946-FKYTX,One year,52,30.1,No,0.03674003325131997,Low
8869-LIHMK,Two year,64,115.1,No,0.06623055417329614,Low
1853-ARAAQ,Month-to-month,26,50.35,No,0.4400108927241406,Medium
2159-TURXX,Month-to-month,5,20.05,No,0.17118739513482076,Low
6270-OMFIW,One year,60,94.4,Yes,0.1975583049781219,Low
1230-QAJDW,Month-to-month,3,65.25,No,0.45233094703033566,Medium
0723-VSOBE,One year,45,34.2,No,0.12645571332496316,Low
2585-KTFRE,Month-to-month,1,70.45,No,0.1985024297084718,Low
7130-VTEWQ,Month-to-month,8,75.75,Yes,0.7465188592001345,High
8406-LNMHF,One year,59,82.95,No,0.07233706980989082,Low
7410-KTVFV,Month-to-month,18,49.55,Yes,0.276013980988174,Low
7074-STDCN,Month-to-month,39,40.6,No,0.22617064717099483,Low
6980-IMXXE,Two year,69,20.2,No,0.0015219170722053426,Low
0486-HECZI,Month-to-month,55,96.75,Yes,0.2927449182364292,Low
7569-NMZYQ,Two year,72,118.75,No,0.046640530742257075,Low
4819-HJPIW,Month-to-month,18,25.15,No,0.32697808148198526,Medium
8309-PPCED,Two year,72,110.45,No,0.07645781877333682,Low
7312-XSBAT,Month-to-month,1,49.75,No,0.3414420726850622,Medium
6598-RFFVI,One year,2,19.3,Yes,0.1037784406678393,Low
9945-PSVIP,Two year,25,18.7,No,0.020249998102259456,Low
9531-NSBMR,One year,36,19.25,No,0.02596419632491343,Low
9796-MVYXX,Two year,14,39.7,No,0.08109239802813835,Low
9512-UIBFX,Month-to-month,18,95.15,Yes,0.4844703450954564,Medium
1657-DYMBM,Two year,53,19.9,No,0.004439380135197812,Low
5204-QZXPU,Month-to-month,19,39.65,Yes,0.5336022410447508,Medium
9348-ROUAI,Two year,59,90.3,No,0.013824393521662827,Low
5288-AHOUP,Month-to-month,11,78.5,No,0.7145234243339367,High
4724-WXVWF,Month-to-month,48,95.4,No,0.28859651408287335,Low
0222-CNVPT,Month-to-month,52,48.8,No,0.17000278746440753,Low
5447-VYTKW,Month-to-month,27,53.45,No,0.08295803157371566,Low
9208-OLGAQ,Month-to-month,18,84.95,No,0.6650375698688654,High
6770-XUAGN,Month-to-month,1,21.0,Yes,0.27330821163695346,Low
7801-KICAO,Month-to-month,18,74.15,No,0.6388618267414484,High
8929-KSWIH,Two year,25,99.3,No,0.13851182492555908,Low
6599-GZWCM,One year,13,74.65,No,0.30702805619370616,Medium
2952-QAYZF,Month-to-month,5,85.3,Yes,0.6868087552717858,High
2737-YNGYW,Month-to-month,2,80.55,Yes,0.6719498723233042,High
1929-ZCBHE,One year,47,40.3,No,0.028628728694167764,Low
1166-PQLGG,Two year,72,19.55,No,0.0013182276519887728,Low
2650-GYRYL,One year,33,19.45,No,0.02284019818742053,Low
5627-TVBPP,One year,35,20.1,No,0.022224260220687193,Low
7445-WMRBW,One year,48,73.85,No,0.062126676982288645,Low
3223-DWFIO,Month-to-month,4,69.35,No,0.6510916484571386,High
6704-UTUKK,Month-to-month,29,45.9,No,0.47307783796525543,Medium
8397-MVTAZ,Month-to-month,34,100.05,Yes,0.6598208748528328,High
8882-TLVRW,Two year,69,39.1,No,0.004507914122315973,Low
8409-WQJUX,One year,25,54.2,No,0.2287309319419921,Low
8218-FFJDS,Two year,72,86.4,No,0.013586781555985862,Low
3769-MHZNV,Two year,33,20.1,No,0.01023981204439567,Low
3301-VKTGC,One year,68,85.5,No,0.04549505460686347,Low
7242-EDTYC,Two year,44,19.55,No,0.005374869843981963,Low
2817-LVCPP,Two year,50,19.4,No,0.005429611264396207,Low
3460-TJBWI,Two year,24,24.2,No,0.02209947051209594,Low
0377-JBKKT,Month-to-month,22,57.95,No,0.08892601909002641,Low
8915-NNTRC,Two year,72,107.7,No,0.042427767050909046,Low
6856-RAURS,Month-to-month,2,74.9,No,0.6890199539059596,High
0487-CRLZF,Two year,49,74.45,No,0.03699481527360271,Low
3807-BPOMJ,One year,55,94.75,No,0.19099215103168718,Low
3006-XIMLN,Month-to-month,2,94.2,Yes,0.7192767097929644,High
3750-CKVKH,Month-to-month,2,67.75,Yes,0.6954413226080773,High
2391-SOORI,Month-to-month,4,49.35,Yes,0.2695342279398387,Low
6338-AVWCY,Month-to-month,3,40.15,Yes,0.6341825747218336,High
3237-AJGEH,Month-to-month,3,31.0,Yes,0.4165420389633783,Medium
8695-ARGXZ,Month-to-month,34,75.55,No,0.5258758348708801,Medium
6559-RAKOZ,One year,49,97.95,No,0.2505901387270934,Low
1867-BDVFH,Month-to-month,11,74.35,Yes,0.6308943072607639,High
3597-YASZG,Two year,70,104.45,No,0.08641135717086917,Low
6483-OATDN,Month-to-month,8,51.3,No,0.21728636436170845,Low
7531-GQHME,Month-to-month,12,20.05,No,0.12716086611979446,Low
8840-DQLGN,Month-to-month,35,100.5,Yes,0.31603683533913524,Medium
6583-SZVGP,Two year,48,108.1,No,0.1610116280514582,Low
8182-PNAGI,Month-to-month,12,50.25,Yes,0.18617161322106374,Low
0315-LVCRK,Month-to-month,11,84.8,No,0.6009115465370839,High
1853-UDXBW,Month-to-month,1,70.0,Yes,0.6394610423779524,High
2930-UOTMB,Month-to-month,31,65.25,Yes,0.09706905652685588,Low
6023-YEBUP,Month-to-month,3,100.95,Yes,0.8149492044468681,High
2995-UPRYS,One year,40,99.2,Yes,0.22064151004395277,Low
7520-HQWJU,Month-to-month,66,67.45,No,0.035474611280622556,Low
0691-NIKRI,One year,40,105.95,No,0.2918139656489211,Low
3665-JATSN,Month-to-month,19,39.7,No,0.479372952654091,Medium
8620-RJPZN,Month-to-month,1,20.7,No,0.26614802175794133,Low
6993-YCOBK,Two year,60,110.6,No,0.0877682034262605,Low
8922-NPKBJ,Two year,42,19.35,No,0.006466084309057486,Low
4942-VZZOM,One year,64,66.15,No,0.03652523664939707,Low
4701-LKOZD,Two year,70,89.75,No,0.01371257036278445,Low
7621-VPNET,Month-to-month,42,85.9,No,0.2920010718818528,Low
1345-ZUKID,One year,14,19.35,No,0.0621414092829143,Low
7839-NUIAA,Month-to-month,61,59.8,No,0.04144703820662857,Low
2758-RNWXS,One year,35,89.2,No,0.1774436570347878,Low
8280-MQRQN,Month-to-month,1,50.45,Yes,0.4467998898593404,Medium
5813-UECBU,Month-to-month,33,83.85,Yes,0.4395342508604979,Medium
6139-ZZRBQ,Two year,64,20.05,No,0.003894612248347034,Low
6972-SNKKW,Month-to-month,6,20.0,No,0.17258825384508758,Low
8433-WPJTV,One year,65,103.9,No,0.16341801874010506,Low
7924-GJZFI,Month-to-month,25,69.3,No,0.5470167232043516,Medium
4674-HGNUA,Two year,71,89.9,No,0.010116777169674762,Low
5380-WJKOV,Month-to-month,34,106.35,Yes,0.617629000062771,High
8111-RKSPX,Month-to-month,4,72.2,Yes,0.6646797094748536,High
6319-QSUSR,Month-to-month,11,19.7,No,0.11078674207766713,Low
1722-LDZJS,One year,53,20.2,No,0.006499605923619745,Low
9279-CJEOJ,Month-to-month,21,95.4,No,0.6923257278927172,High
3768-NLUBH,Month-to-month,57,100.6,Yes,0.481621699469761,Medium
2674-MIAHT,Month-to-month,4,80.3,No,0.6287434912971832,High
4452-QIIEB,Month-to-month,7,43.9,No,0.31528191409671186,Medium
6061-GWWAV,One year,41,70.2,No,0.034013587887208346,Low
8393-DLHGA,Month-to-month,25,95.9,Yes,0.5371887484055866,Medium
4678-DVQEO,Month-to-month,1,52.2,Yes,0.41439608126622174,Medium
4709-LKHYG,One year,29,20.0,No,0.03097612537837639,Low
4423-JWZJN,One year,64,90.25,No,0.09624503070304004,Low
9209-NWPGU,One year,44,65.4,No,0.03819361702463704,Low
7252-NTGSS,Month-to-month,1,45.15,No,0.37646782192618156,Medium
2599-CIPQE,Two year,71,109.3,No,0.023760157258960045,Low
2987-BJXIK,Two year,70,84.7,No,0.018996638046922185,Low
5562-YJQGT,Month-to-month,2,20.35,No,0.19669340249329287,Low
0923-PNFUB,Month-to-month,3,83.75,Yes,0.6310158776364551,High
3077-RSNTJ,Month-to-month,6,19.7,No,0.14028396793839826,Low
5828-AVIPD,One year,19,100.95,Yes,0.4098089566693199,Medium
6137-NICCO,Month-to-month,6,94.05,No,0.6146899903112127,High
8430-TWCBX,One year,49,20.7,No,0.010245971859662643,Low
0327-WFZSY,One year,39,100.0,No,0.3140889316715713,Medium
3096-WPXBT,One year,61,100.7,No,0.09193729488113701,Low
9895-VFOXH,Month-to-month,1,24.4,No,0.5375639376251067,Medium
3363-EWLGO,Month-to-month,5,19.95,No,0.18108346001550857,Low
3594-KADLU,Month-to-month,3,35.1,No,0.2987679546987618,Low
0397-ZXWQF,Two year,67,20.5,No,0.002146563854520039,Low
7524-VRLPL,Two year,69,74.1,No,0.01139682462629022,Low
8096-LOIST,Month-to-month,19,56.2,No,0.39243349160079743,Medium
2272-JKMSI,One year,62,110.8,No,0.1842752862020466,Low
0928-JMXNP,Month-to-month,4,29.9,No,0.6784003836163027,High
9274-UARKJ,Month-to-month,15,83.2,No,0.5098236498090367,Medium
1485-YDHMM,Month-to-month,52,93.25,No,0.19329793123942138,Low
4211-MMAZN,Month-to-month,1,20.25,Yes,0.20825994624456737,Low
4706-DGAHW,Month-to-month,1,45.2,No,0.4931924667572278,Medium
5472-CVMDX,Two year,68,38.9,No,0.006183799027339288,Low
4464-JCOLN,One year,2,19.85,Yes,0.0849245025122236,Low
1545-JFUML,Two year,71,99.0,No,0.07026199636522569,Low
9391-TTOYH,Month-to-month,23,19.5,No,0.10652596104276899,Low
0603-TPMIB,Two year,59,25.45,No,0.0040157735387650285,Low
9367-TCUYN,Month-to-month,12,20.1,No,0.13261220960747314,Low
4075-JFPGR,One year,51,93.5,No,0.1429194685905194,Low
0412-UCCNP,Two year,55,59.2,No,0.013805862510914505,Low
2519-LBNQL,One year,60,104.35,No,0.3331914047328833,Medium
1809-DMJHQ,Month-to-month,5,46.0,Yes,0.28417013381502937,Low
2322-VCZHZ,Month-to-month,23,90.0,No,0.4695859150755223,Medium
3058-WQDRE,Month-to-month,13,25.15,No,0.43464109472993845,Medium
8166-ZZTFS,Two year,66,80.55,Yes,0.04222009745133814,Low
3126-WQMGH,Month-to-month,49,52.15,No,0.11960395980190792,Low
4892-VLANZ,Month-to-month,1,19.8,Yes,0.20966137107544303,Low
9576-ANLXO,Month-to-month,3,69.55,Yes,0.5996046361836196,Medium
9975-GPKZU,Two year,46,19.75,No,0.004896581041079562,Low
9194-GFVOI,Two year,42,84.35,No,0.03423598207627336,Low
1113-IUJYX,One year,14,105.95,Yes,0.17791103703696148,Low
8711-LOBKY,Two year,59,19.85,No,0.002677923258327645,Low
3858-VOBET,Month-to-month,23,74.95,Yes,0.5884837357688256,Medium
9030-QGZNL,Two year,8,20.85,No,0.04494687702179639,Low
0628-CNQRM,One year,22,67.5,Yes,0.06729147764434656,Low
1735-XMJVH,Month-to-month,8,19.35,No,0.1629067019041165,Low
9057-SIHCH,Month-to-month,3,96.6,Yes,0.8146394129328618,High
7073-QETQY,One year,66,20.35,No,0.006389016672926529,Low
7722-VJRQD,Two year,72,60.95,No,0.008824891713657607,Low
6158-HDPXZ,Month-to-month,1,25.35,No,0.5275052307408519,Medium
3722-WPXTK,Month-to-month,1,88.35,Yes,0.7829156637364781,High
6164-HXUGH,Month-to-month,6,19.85,No,0.14015160072375454,Low
1302-TPUBN,Two year,66,19.35,No,0.0021923429832712256,Low
9592-ERDKV,One year,37,79.25,No,0.09970957186928359,Low
8445-DNBAE,Month-to-month,1,50.05,No,0.534936933494076,Medium
4547-LYTDD,Month-to-month,16,72.65,Yes,0.5921355186293362,Medium
8221-HVAYI,Two year,35,69.15,No,0.0209331756712762,Low
5176-OLSKT,Two year,66,66.9,No,0.00836386314629496,Low
6048-UWKAL,Two year,69,105.4,No,0.06400458864079156,Low
7617-EYGLW,Month-to-month,1,19.45,No,0.2663516156633189,Low
0685-MLYYM,Month-to-month,2,70.75,Yes,0.668510998268225,High
6777-TGHTM,One year,53,106.95,Yes,0.2232178973914159,Low
4011-ARPHK,Month-to-month,27,50.35,No,0.11419427327585673,Low
8495-LJDFO,Month-to-month,64,108.95,No,0.2848614664454916,Low
2961-VNFKL,Two year,71,25.95,No,0.0035204243113586167,Low
4531-AUZNK,One year,51,95.15,No,0.10394604964652825,Low
6711-VTNRE,Month-to-month,36,87.55,Yes,0.4015353672380718,Medium
8097-VBQTZ,Month-to-month,54,69.9,No,0.05104915078302146,Low
0732-OCQOC,Two year,52,25.05,No,0.006904384347173366,Low
1471-GIQKQ,Month-to-month,1,49.95,No,0.40224236062612656,Medium
1355-KUSBG,Month-to-month,7,48.8,No,0.40492786621076154,Medium
3325-FUYCG,One year,28,106.1,Yes,0.24513912695624912,Low
9107-UKCKY,One year,61,79.8,No,0.10625955833227524,Low
0480-KYJVA,Two year,72,24.25,No,0.0020289999309256526,Low
1952-DVVSW,One year,10,20.1,No,0.07279329779540983,Low
7159-FVYPK,Month-to-month,3,69.15,No,0.4333978363801135,Medium
5906-CVLHP,One year,45,54.15,Yes,0.025032500083995556,Low
9648-BCHKM,Two year,18,24.65,No,0.038448572814851034,Low
4039-PIMHX,Two year,49,49.8,No,0.018711592950155124,Low
6500-JVEGC,One year,68,101.35,No,0.07977916838575855,Low
4118-CEVPF,One year,35,110.8,No,0.2407019562271758,Low
9227-LUNBG,Month-to-month,1,24.6,Yes,0.6115737552081864,High
5148-ORICT,Two year,64,74.35,No,0.00975821323650194,Low
2925-VDZHY,Two year,72,88.7,No,0.009910635583665893,Low
9762-YAQAA,One year,39,81.4,No,0.15231926655364975,Low
1666-JXLKU,Month-to-month,37,100.05,No,0.6545204884504466,High
2263-SFSQZ,Two year,51,24.95,No,0.007623382768307998,Low
7471-MQPOS,One year,71,72.9,No,0.025434641630089298,Low
4419-UJMUS,Two year,69,99.35,No,0.09072095993636119,Low
5524-KHNJP,One year,33,74.75,No,0.06427154605034133,Low
4727-MCYZG,Month-to-month,1,55.55,No,0.41698926645179984,Medium
3877-JRJIP,Month-to-month,1,59.85,Yes,0.6452378605854785,High
4329-YPDDQ,Month-to-month,20,108.2,No,0.355187507905641,Medium
6680-WKXRZ,Month-to-month,3,74.4,Yes,0.5986493560299696,Medium
9867-XOBQA,Two year,21,53.15,No,0.045181707982964024,Low
0906-QVPMS,Two year,72,115.15,No,0.04162121059163233,Low
9611-CTWIH,Month-to-month,3,89.45,Yes,0.7713815492049644,High
0295-QVKPB,Month-to-month,5,63.95,No,0.3597138589223365,Medium
4632-XJMEX,One year,53,62.85,No,0.010016670291886354,Low
0655-RBDUG,Month-to-month,7,98.05,Yes,0.7390597882569813,High
1247-QBVSH,Month-to-month,43,50.2,No,0.06188528943555374,Low
2369-FEVNO,Month-to-month,1,19.9,No,0.26226129910874885,Low
5832-EXGTT,Month-to-month,29,60.2,No,0.14275774925986862,Low
2829-HYVZP,One year,29,19.8,No,0.03872121003813146,Low
2096-XOTMO,Month-to-month,16,19.35,No,0.08871239382203974,Low
9767-FFLEM,Month-to-month,38,69.5,No,0.29951235383092073,Low
0969-RGKCU,One year,37,19.8,No,0.014417087073975755,Low
2025-JKFWI,Month-to-month,13,99.0,Yes,0.6296212213357425,High
8212-DJRCH,Month-to-month,5,90.35,No,0.4731144254542009,Medium
4742-TXUEX,Two year,47,19.3,No,0.004640146358100592,Low
3978-YNKDD,Two year,19,20.85,No,0.020177704503034168,Low
9089-UOWJG,Month-to-month,12,58.35,No,0.3404921953904572,Medium
5271-YNWVR,Two year,68,113.15,Yes,0.07119746376883218,Low
0409-WTMPL,One year,58,110.65,No,0.18084518615996117,Low
8042-RNLKO,One year,66,25.45,No,0.006169246857282033,Low
6578-KRMAW,Month-to-month,32,93.4,No,0.3037110826427198,Medium
4282-MSACW,One year,68,117.2,No,0.11352107134192746,Low
8053-WWDRO,Month-to-month,6,19.5,Yes,0.1612471925133196,Low
3373-YZZYM,Month-to-month,1,19.2,No,0.17246426054842529,Low
5222-IMUKT,Month-to-month,32,91.05,No,0.5029295573083612,Medium
5158-RIVOP,Two year,11,20.9,No,0.029063763886672332,Low
3884-UEBXB,Two year,67,36.15,No,0.005059316649132307,Low
8023-QHAIO,Month-to-month,56,76.85,No,0.2161348931428063,Low
5698-BQJOH,Month-to-month,9,94.4,Yes,0.742144033863373,High
6870-ZWMNX,Two year,70,76.1,No,0.011699279737406013,Low
4785-FCIFB,Two year,61,24.4,No,0.004426825872591479,Low
3672-YITQD,Month-to-month,36,84.1,Yes,0.5976165107952427,Medium
0447-RXSGD,Month-to-month,24,99.65,No,0.5864966445941108,Medium
4086-WITJG,Two year,71,19.7,No,0.0013455408672888819,Low
7872-BAAZR,One year,53,19.55,No,0.0063606081886709125,Low
3589-PPVKW,Month-to-month,9,44.4,No,0.3580688948556911,Medium
8720-RQSBJ,Month-to-month,1,44.0,No,0.4988442445939159,Medium
7551-DACSP,Month-to-month,6,55.3,Yes,0.2905798056568583,Low
7854-EKTJL,Month-to-month,2,19.6,Yes,0.27306765017596596,Low
5373-SFODM,Month-to-month,36,85.25,Yes,0.5152129545740729,Medium
2812-SFXMJ,Month-to-month,1,20.05,No,0.17371184984585708,Low
3374-PZLXD,Month-to-month,34,19.7,No,0.04675126413579728,Low
9860-LISIZ,Month-to-month,34,20.35,No,0.047168795221824135,Low
1982-FEBTD,Two year,23,25.6,No,0.02901239001219276,Low
9402-ORRAH,Month-to-month,15,91.5,No,0.738421725685414,High
5014-WUQMG,One year,47,96.1,No,0.12356360932104969,Low
7789-CRUVC,Month-to-month,61,94.2,No,0.14986573013912916,Low
1069-XAIEM,Month-to-month,1,85.05,Yes,0.8222338632240248,High
9953-ZMKSM,Two year,63,25.25,No,0.004066011188120962,Low
8617-ENBDS,Month-to-month,3,73.6,No,0.6085877159060503,High
7611-YKYTC,Month-to-month,22,75.0,No,0.21490298495355034,Low
0071-NDAFP,Two year,25,25.5,No,0.019744588525710968,Low
4369-NYSCF,One year,56,75.75,No,0.04268200389517904,Low
3841-CONLJ,Month-to-month,1,35.0,No,0.6504760651060132,High
5159-YFPKQ,Month-to-month,2,75.8,Yes,0.690778522229456,High
5052-PNLOS,Month-to-month,3,105.35,Yes,0.7115611807324834,High
7399-QHBJS,Two year,72,66.75,No,0.0037100684612500663,Low
6834-NXDCA,Month-to-month,13,23.9,Yes,0.5396513182705011,Medium
5198-HQAEN,One year,35,89.7,No,0.17464575183944658,Low
1608-GMEWB,Month-to-month,45,93.9,No,0.5268661978115624,Medium
1746-TGTWV,Month-to-month,1,75.35,No,0.5386854898718326,Medium
6891-JPYFF,Month-to-month,48,105.25,No,0.2928095489097178,Low
8173-RXAYP,Two year,24,19.7,No,0.016071135037942018,Low
4989-LIXVT,Month-to-month,68,95.9,No,0.357527285389974,Medium
9840-DVNDC,Month-to-month,6,80.5,Yes,0.628706438154598,High
2040-XBAVJ,Two year,72,114.45,No,0.031455276323776676,Low
6344-SFJVH,Month-to-month,20,24.9,No,0.30158876171015686,Medium
9548-LERKT,Two year,24,19.75,No,0.01982538331152808,Low
8709-KRDVL,Month-to-month,33,100.0,No,0.6259143986590451,High
5976-JCJRH,Month-to-month,10,70.3,Yes,0.6186727742985424,High
4829-AUOAX,Month-to-month,46,96.05,Yes,0.40235464475189175,Medium
9286-BHDQG,Two year,72,45.25,No,0.0032540367275791307,Low
9907-SWKKF,Month-to-month,1,25.05,Yes,0.5822261481783993,Medium
8266-VBFQL,Month-to-month,4,90.4,No,0.6282543616231827,High
4512-ZUIYL,Month-to-month,2,70.0,Yes,0.5341237302305124,Medium
7503-QQRVF,Month-to-month,16,74.3,Yes,0.484223807793754,Medium
7923-IYJWY,Two year,67,116.1,No,0.0777729491207741,Low
9565-JSNFM,One year,38,70.45,Yes,0.15990905889684737,Low
7359-WWYJV,Two year,72,114.45,No,0.04406106772133267,Low
6497-TILVL,Month-to-month,7,50.7,No,0.18783928021920487,Low
5331-RGMTT,Month-to-month,54,99.05,No,0.4845489558249156,Medium
2856-HYAPG,Month-to-month,1,68.65,Yes,0.6408291327505573,High
0733-VUNUW,Month-to-month,24,55.65,Yes,0.20113722015422056,Low
8966-KZXXA,Two year,36,25.1,No,0.011709249453752351,Low
0576-WNXXC,Month-to-month,27,95.55,Yes,0.6279491158290295,High
7601-GNDYK,Two year,35,19.6,No,0.009070488220064801,Low
5228-EXCET,Month-to-month,13,80.85,Yes,0.646889550844321,High
9048-JVYVF,Month-to-month,3,69.35,Yes,0.5085313685653952,Medium
2129-ALKBS,Month-to-month,40,26.2,No,0.06893592797471154,Low
5240-CAOYT,Month-to-month,57,87.55,No,0.12008080310892978,Low
8259-DZLIZ,One year,64,53.85,No,0.022814909960340454,Low
9050-QLROH,Month-to-month,18,90.7,Yes,0.6095455636515742,High
7037-MTYVW,Two year,38,85.4,No,0.03884214636609269,Low
0679-IDSTG,Month-to-month,1,69.25,Yes,0.6906779223640638,High
6376-GAHQE,Month-to-month,4,77.85,Yes,0.6668387292254898,High
9732-KPKBW,Month-to-month,1,53.95,Yes,0.3204742519320305,Medium
6331-LWDTQ,Month-to-month,10,72.15,Yes,0.5281974226794002,Medium
0829-XXPLX,Month-to-month,20,89.4,No,0.42923827346196125,Medium
1170-SASML,Month-to-month,69,85.4,No,0.16730101206311576,Low
8621-MNIHH,Month-to-month,34,94.25,Yes,0.5953558474438696,Medium
5103-MHMHY,Month-to-month,1,45.95,Yes,0.321364528742549,Medium
6671-NGWON,Month-to-month,7,20.35,No,0.1653811769096791,Low
1329-VHWNP,Month-to-month,7,25.05,No,0.44206564136344556,Medium
7579-KKLOE,Two year,71,91.25,No,0.014278287380247785,Low
4049-ZPALD,Two year,64,99.0,No,0.06769493080081891,Low
6475-VHUIZ,Month-to-month,23,54.25,No,0.1808037470810453,Low
6000-UKLWI,Two year,41,20.15,No,0.008492932025836274,Low
4589-IUAJB,Two year,70,24.25,No,0.0026382854142141623,Low
5827-MWCZK,Month-to-month,56,96.95,No,0.19489620778455977,Low
3540-RZJYU,Month-to-month,15,86.2,Yes,0.4683100017590791,Medium
5327-XOKKY,Two year,72,73.45,No,0.039699291885983874,Low
5357-TZHPP,Month-to-month,9,84.4,Yes,0.7139310697297823,High
9506-UXUSK,Month-to-month,13,70.15,No,0.5984118140973749,Medium
1744-JHKYS,Month-to-month,34,24.7,No,0.08406458269914613,Low
7926-IJOOU,Month-to-month,1,19.3,No,0.20472215216987746,Low
3125-RAHBV,One year,22,20.3,No,0.039671372213771414,Low
5178-LMXOP,Month-to-month,1,95.1,Yes,0.8468277176728736,High
1986-PHGZF,Month-to-month,18,58.4,No,0.25016267718000473,Low
8128-YVJRG,Month-to-month,7,79.65,Yes,0.552603919930149,Medium
8393-JMVMB,Month-to-month,1,19.45,No,0.21075614985849533,Low
9153-BTBVV,Two year,71,25.0,No,0.0025342976877889534,Low
0719-SYFRB,Month-to-month,12,61.65,Yes,0.2440931887725029,Low
9674-EHPPG,Two year,46,40.4,No,0.01473360283751177,Low
7056-IMHCC,Month-to-month,53,101.9,Yes,0.540075879014777,Medium
0379-DJQHR,Two year,67,81.35,No,0.010054942114062916,Low
2105-PHWON,Month-to-month,33,95.0,No,0.4068152892782586,Medium
9389-ACWBI,Month-to-month,5,69.95,No,0.4508258585636213,Medium
5699-BNCAS,Two year,71,24.65,No,0.004513452610158136,Low
8455-HIRAQ,Month-to-month,8,44.45,No,0.3115144142781029,Medium
9233-PSYHO,One year,45,100.15,No,0.3639304177305942,Medium
8821-KVZKQ,One year,70,58.4,No,0.02924412282302279,Low
6668-CNMFP,One year,19,89.35,No,0.2733356362735687,Low
3721-CNEYS,Month-to-month,2,70.95,Yes,0.6885689711748803,High
6435-SRWBJ,Month-to-month,5,82.75,No,0.6576217495225876,High
4538-WNTMJ,One year,46,24.95,No,0.014174462841973818,Low
2108-YKQTY,Month-to-month,4,50.7,Yes,0.28945914976430315,Low
3097-NQYSN,Month-to-month,2,86.85,Yes,0.7566319162686331,High
1395-OFUWC,Month-to-month,43,29.3,No,0.08276096691857286,Low
7878-JGDKK,Month-to-month,4,44.55,No,0.3466610495981233,Medium
8097-OMULG,One year,59,76.75,No,0.02569571364735519,Low
1066-JKSGK,Month-to-month,1,20.15,Yes,0.20857077630485454,Low
5975-BAICR,One year,36,63.7,No,0.05520759502269168,Low
5445-GLVOT,Month-to-month,22,49.8,No,0.22475681397373765,Low
8402-EIVQS,One year,67,100.9,No,0.09274281664849789,Low
9572-WUKSB,Month-to-month,3,29.9,No,0.5487792968879425,Medium
7629-WIXZF,One year,7,59.1,No,0.2457742310386535,Low
7198-GLXTC,Month-to-month,2,79.0,Yes,0.6767565229438256,High
5067-DGXLL,Month-to-month,2,20.25,No,0.19977935811687203,Low
5774-QPLTF,One year,50,20.35,No,0.010293264500064807,Low
3537-RYBHH,Month-to-month,47,67.45,No,0.1053732101035738,Low
4002-BQWPQ,Month-to-month,25,81.75,No,0.12206108573716498,Low
2165-VOEGB,One year,46,105.2,Yes,0.09336425525663586,Low
4154-AQUGT,Month-to-month,13,89.05,Yes,0.46580603557087125,Medium
5985-BEHZK,One year,72,105.0,No,0.16333601572323306,Low
3450-WXOAT,Month-to-month,46,45.2,No,0.09681536644645744,Low
6060-QBMGV,Two year,70,19.85,No,0.001857362080111251,Low
8696-JKZNU,Month-to-month,37,76.25,Yes,0.5231955295611438,Medium
8429-XIBUM,Month-to-month,22,101.35,Yes,0.5405828219786591,Medium
9445-SZLCH,Month-to-month,36,97.35,Yes,0.37904492463466594,Medium
0876-WDUUZ,Month-to-month,5,85.4,Yes,0.5409097287261985,Medium
6094-ZIVKX,One year,68,54.45,No,0.015456453410113558,Low
5149-QYTTU,One year,71,95.15,No,0.03824167612084463,Low
1474-JUWSM,One year,58,68.4,No,0.044423506535182664,Low
3318-OSATS,Month-to-month,35,95.45,Yes,0.6928774554372716,High
2956-GGUCQ,Month-to-month,24,78.85,Yes,0.5158058359457038,Medium
9753-OYLBX,Month-to-month,1,20.5,No,0.21120994278397123,Low
8701-DGLVH,Two year,51,20.45,No,0.005142113466376336,Low
3211-AAPKX,Month-to-month,20,98.55,No,0.589412206163841,Medium
3400-ESFUW,Two year,55,57.55,Yes,0.004436697261912424,Low
5136-GFPMB,Month-to-month,54,89.4,No,0.2919600322678763,Low
8050-XGRVL,One year,62,54.75,No,0.01166185035656462,Low
0778-NELLA,Month-to-month,9,34.7,Yes,0.5561829876899801,Medium
5322-TEUJK,Two year,71,114.6,No,0.033882294908421214,Low
0623-EJQEG,One year,65,93.55,No,0.08448076111379063,Low
6617-WLBQC,One year,23,81.85,No,0.15320355137577393,Low
0824-VWDPO,One year,45,96.75,No,0.12385185895469797,Low
3308-DGHKL,Two year,69,19.3,No,0.0026420511335757623,Low
6557-BZXLQ,Month-to-month,16,69.65,No,0.5423227093976257,Medium
9795-SHUHB,Two year,66,58.2,No,0.004206809738761366,Low
5339-PXDVH,Month-to-month,4,90.65,No,0.6236470290701442,High
7016-NVRIC,One year,29,90.1,No,0.18341733055378187,Low
8152-UOBNY,One year,50,106.8,No,0.30359802868834446,Medium
9254-RBFON,One year,17,98.6,Yes,0.2308257119499411,Low
6723-CEGQI,Two year,65,45.25,No,0.009653305627609656,Low
4707-MAXGU,Two year,72,25.85,No,0.0024809435672809394,Low
6166-ILMNY,Month-to-month,2,69.75,Yes,0.5346678392629959,Medium
0040-HALCW,Two year,54,20.4,No,0.003290331483536175,Low
9804-ICWBG,Month-to-month,1,69.9,Yes,0.6958278833195309,High
7876-BEUTG,Month-to-month,15,48.8,No,0.37989589098369486,Medium
2325-ZUSFD,One year,57,70.1,Yes,0.03439130216960598,Low
0096-BXERS,Month-to-month,6,50.35,No,0.4649886738397885,Medium
9086-YJYXS,One year,34,77.2,No,0.11993863946298523,Low
2309-OSFEU,Month-to-month,10,33.9,Yes,0.5490490712991316,Medium
7740-BTPUX,Two year,55,113.6,No,0.17673044407754115,Low
7931-PXHFC,One year,38,62.3,Yes,0.07279114937089434,Low
3694-GLTJM,Month-to-month,5,19.65,No,0.2220888132580371,Low
0230-UBYPQ,One year,63,36.1,No,0.013843667856776773,Low
2984-AFWNC,Month-to-month,3,95.4,No,0.6716007158311632,High
4753-PADAS,One year,67,105.7,No,0.1778964899557296,Low
7808-DVWEP,Month-to-month,3,20.0,No,0.17671684999918838,Low
2103-ZRXFN,Month-to-month,1,50.75,No,0.4385351084062873,Medium
3785-NRHYR,Month-to-month,1,19.65,No,0.2101300496395259,Low
4640-UHDOS,Month-to-month,13,55.95,Yes,0.32178268522923587,Medium
0487-VVUVK,Month-to-month,25,19.15,No,0.07533746742773206,Low
1784-EZDKJ,One year,51,106.8,No,0.2571622457594843,Low
3627-FHKBK,Month-to-month,1,75.3,Yes,0.44923089952797124,Medium
8375-KVTHK,One year,68,100.3,No,0.1264010561066151,Low
5583-EJXRD,Two year,44,54.05,No,0.021033984426234012,Low
3030-YDNRM,Month-to-month,8,74.85,No,0.7049310077177277,High
4342-HENTK,Month-to-month,2,70.65,Yes,0.7299074473195979,High
2750-BJLSB,One year,47,103.7,No,0.18053652368947953,Low
7881-EVUAD,Month-to-month,2,42.6,Yes,0.5721240135983141,Medium
6000-APYLU,Month-to-month,9,80.8,Yes,0.678109689546674,High
7711-GQBZC,Two year,71,24.7,No,0.0020665160611929596,Low
0822-QGCXA,Month-to-month,27,83.85,No,0.33177302805446607,Medium
1936-CZAKF,Two year,49,49.65,No,0.04231222829839703,Low
5980-BDHPY,Two year,72,87.1,No,0.015182247670958347,Low
7277-OZCGZ,Month-to-month,22,89.05,No,0.3925085696476002,Medium
4324-AHJKS,Month-to-month,5,55.8,No,0.23991645618639013,Low
0823-HSCDJ,Month-to-month,52,49.15,Yes,0.26797451448692255,Low
3556-BVQGL,One year,20,20.0,No,0.0600890303207261,Low
2865-TCHJW,Month-to-month,4,89.2,Yes,0.8150867296584984,High
0168-XZKBB,Month-to-month,19,86.85,No,0.6741662026341422,High
4817-VYYWS,Month-to-month,30,100.2,Yes,0.6410108848510795,High
0235-KGSLC,Month-to-month,1,85.55,Yes,0.6725380520835383,High
4770-QAZXN,Month-to-month,13,19.45,No,0.12348953620130707,Low
3785-KTYSH,Two year,53,24.6,No,0.006683497914691656,Low
4283-FUTGF,Month-to-month,19,79.85,Yes,0.6703722565887045,High
4115-NZRKS,Month-to-month,7,89.15,No,0.7838875493141677,High
6806-YDEUL,Month-to-month,6,19.5,No,0.19112723569715856,Low
4128-ETESU,Month-to-month,47,99.7,No,0.5581236361666636,Medium
2085-JVGAD,Month-to-month,37,20.35,No,0.035739332413045936,Low
4360-PNRQB,Month-to-month,18,75.6,No,0.5375047026305495,Medium
4353-HYOJD,Month-to-month,27,49.85,No,0.11404115428313726,Low
3179-GBRWV,Month-to-month,21,64.95,No,0.20735048160081396,Low
4818-QIUFN,Month-to-month,20,79.15,Yes,0.5639038459294411,Medium
7504-UWHNB,Month-to-month,25,69.75,No,0.41784781772720614,Medium
5553-AOINX,One year,66,104.9,No,0.2526406418265916,Low
3410-MHHUM,One year,44,94.4,No,0.21074994384598553,Low
3192-LNKRK,Month-to-month,34,84.05,No,0.37428087066394045,Medium
1097-FSPVW,Month-to-month,42,54.55,No,0.06979120221451011,Low
2483-XSSMZ,One year,39,47.85,No,0.06519289552794932,Low
2732-ISEZX,Month-to-month,5,20.5,No,0.22678191242866183,Low
7975-JMZNT,Two year,66,91.7,No,0.013947187861537882,Low
3606-SBKRY,One year,31,50.05,No,0.2959157549287257,Low
1047-RNXZV,Two year,43,19.55,No,0.007841047230028134,Low
5174-ITUMV,One year,67,105.4,No,0.2079048637913352,Low
0080-EMYVY,One year,14,51.45,No,0.11372139933190331,Low
6956-SMUCM,Month-to-month,3,99.0,Yes,0.6099036458998163,High
1265-BCFEO,Two year,71,80.45,No,0.02459496206213506,Low
3696-XRIEN,One year,50,82.5,No,0.06737885908084121,Low
0853-TWRVK,Two year,72,105.6,No,0.026502953130541282,Low
6521-YYTYI,Month-to-month,1,93.3,Yes,0.7936526298322297,High
7244-KXYZN,One year,24,20.45,No,0.03685630795714465,Low
4946-EDSEW,Month-to-month,11,19.25,Yes,0.14483096459936595,Low
1763-WQFUK,Month-to-month,3,50.5,No,0.32556865836826193,Medium
2761-OCIAX,Month-to-month,2,74.7,Yes,0.6884456354295624,High
2282-YGNOR,One year,29,58.0,No,0.039691252121129186,Low
1862-QRWPE,Two year,48,20.65,No,0.004493723581380658,Low
8857-CUPFQ,Two year,63,19.25,No,0.0027463661260408692,Low
5630-AHZIL,Month-to-month,3,64.5,No,0.2256866405094902,Low
5949-EBSQK,Month-to-month,4,61.45,Yes,0.23702860787927305,Low
8654-DHAOW,Month-to-month,2,54.15,No,0.3918103278575072,Medium
4393-RYCRE,One year,44,106.05,No,0.21862861871086978,Low
9297-EONCV,Two year,72,91.35,No,0.016896738845525096,Low
2272-WUSPA,Two year,72,110.75,No,0.09770571060678737,Low
6892-XPFPU,Month-to-month,24,104.25,Yes,0.7151139145087256,High
7534-BFESC,Month-to-month,24,76.1,Yes,0.6160240855122775,High
5027-YOCXN,One year,51,110.05,No,0.0905861506509851,Low
9470-YFUYI,One year,71,71.0,No,0.014406965980004958,Low
6518-KZXCB,Two year,22,25.25,No,0.03059653968729005,Low
8869-TORSS,One year,48,60.35,Yes,0.024852274353521126,Low
8699-ASUFO,Month-to-month,7,74.4,Yes,0.6867360540964861,High
3156-QLHBO,Month-to-month,2,19.25,No,0.16898155623065003,Low
3011-WQKSZ,Month-to-month,19,20.0,No,0.13253873837909586,Low
5533-NHFRF,Month-to-month,7,44.4,No,0.5597088908605754,Medium
2101-RANCD,Month-to-month,55,73.1,No,0.33781739658819826,Medium
6817-WTYHE,Month-to-month,2,44.9,No,0.3458804950605304,Medium
2482-CZGBB,Month-to-month,10,70.0,Yes,0.6259648149124036,High
3523-QRQLL,One year,22,69.5,Yes,0.14003380466857707,Low
4304-TSPVK,Two year,68,114.9,No,0.04587322731969256,Low
9489-UTFKA,Month-to-month,8,60.9,No,0.2851910337337818,Low
1459-QNFQT,Two year,70,59.5,No,0.008989943018832628,Low
4983-CLMLV,Month-to-month,52,102.7,No,0.3205727424561865,Medium
1522-VVDMG,Month-to-month,7,89.75,Yes,0.5031070285765008,Medium
8791-GFXLZ,Month-to-month,12,49.05,No,0.27771737054365936,Low
2669-QVCRG,Month-to-month,41,81.3,No,0.26565262071381524,Low
6199-IPCAO,Two year,29,26.1,No,0.016879465150761167,Low
8727-JQFHV,Two year,57,20.75,No,0.0028929079591736677,Low
8819-IMISP,Month-to-month,31,80.45,No,0.4764165603032631,Medium
0924-BJCRC,Month-to-month,60,89.45,No,0.3171278949953636,Medium
7821-DPRQE,Month-to-month,68,107.7,No,0.24563655669622247,Low
0556-FJEGU,Two year,58,70.1,No,0.012070522557536968,Low
9878-TNQGW,Month-to-month,2,80.95,Yes,0.7266104063389167,High
1766-GKNMI,Month-to-month,29,84.9,No,0.6124868232361909,High
7422-WNBTY,Month-to-month,33,93.35,No,0.5513526377036452,Medium
5915-ANOEI,Two year,70,79.15,No,0.00881552156167677,Low
6651-AZVTJ,Month-to-month,49,99.8,Yes,0.5014916887426328,Medium
2135-DQWAQ,Month-to-month,5,85.3,No,0.6065274419264433,High
4685-TFLLS,One year,18,19.8,No,0.03636934398806626,Low
7766-CLTIC,Month-to-month,10,60.95,No,0.3161203726581304,Medium
3761-FLYZI,Month-to-month,65,108.8,No,0.387875382761907,Medium
2077-MPJQO,Month-to-month,7,75.4,No,0.7454505289291548,High
4998-IKFSE,Month-to-month,30,100.45,No,0.6270207680997513,High
7587-RZNME,Month-to-month,3,43.3,Yes,0.5048847361236183,Medium
4078-SAYYN,Month-to-month,11,100.75,Yes,0.7850166286489517,High
8041-TMEID,Two year,63,108.5,No,0.0857376734707974,Low
3055-MJDSB,Month-to-month,9,24.6,No,0.5027917933774935,Medium
3018-TFTSU,Month-to-month,12,81.7,Yes,0.3271742741055564,Medium
8976-OQHGT,Month-to-month,4,56.5,Yes,0.18142381994236698,Low
4208-UFFGW,Month-to-month,2,44.95,Yes,0.40741142422095816,Medium
2718-YSKCS,Two year,71,19.6,No,0.00178782454798092,Low
5269-NRGDP,One year,42,73.15,No,0.07029132851255464,Low
9138-EFSMO,One year,26,78.95,No,0.18758060268693205,Low
1926-QUZNN,Two year,72,25.25,No,0.0032827126642039593,Low
5701-ZIKJE,Month-to-month,13,50.55,No,0.23856956332511117,Low
2546-KZAAT,One year,52,75.4,No,0.04789000562902732,Low
1469-LBJQJ,Month-to-month,66,105.2,No,0.4260857629789587,Medium
5186-SAMNZ,Month-to-month,1,69.5,Yes,0.6555975388588935,High
6810-VCAEX,One year,47,39.65,No,0.02216734065780419,Low
1534-OULXE,One year,61,49.7,No,0.013822778686257585,Low
9470-RTWDV,One year,26,82.0,No,0.14075378526027868,Low
0297-RBCSG,One year,19,65.35,No,0.10524904935497034,Low
7029-RPUAV,Month-to-month,17,100.45,Yes,0.7125052031405396,High
6519-ZHPXP,Two year,72,108.3,No,0.02912565539524671,Low
5091-HFAZW,Month-to-month,2,91.15,No,0.5920406649615297,Medium
7609-NRNCA,One year,17,19.55,No,0.05310989957374202,Low
6734-FQAJX,Two year,67,105.05,No,0.0690852762005674,Low
5996-DAOQL,Month-to-month,1,20.45,No,0.26026133133230195,Low
1320-HTRDR,Month-to-month,3,75.5,Yes,0.7426495427062545,High
6924-TDGMT,One year,11,20.55,No,0.0880086465495544,Low
9073-ZZIAY,Two year,62,86.1,No,0.011965360886418969,Low
8782-NUUOL,One year,60,79.0,No,0.02643172072392776,Low
2789-CZANW,Two year,64,110.3,No,0.03555070512034909,Low
5206-XZZQI,Month-to-month,53,80.6,No,0.1451041519888197,Low
7690-KPNCU,One year,64,73.05,No,0.030968405720984797,Low
5701-SVCWR,Month-to-month,1,24.0,No,0.2268853000099178,Low
3996-ZNWYK,Two year,71,19.8,No,0.0016734643301089625,Low
8963-MQVYN,Month-to-month,22,20.55,No,0.11811986006399137,Low
5376-DEQCP,Month-to-month,1,70.6,Yes,0.6977969126988942,High
1328-EUZHC,Two year,18,20.1,No,0.027234026825986093,Low
1303-SRDOK,Two year,55,69.05,No,0.04535754533687593,Low
2582-FFFZR,Month-to-month,22,50.6,No,0.5664665530659941,Medium
4750-ZRXIU,Month-to-month,4,84.6,Yes,0.8103721515644882,High
6732-FZUGP,One year,47,94.9,No,0.15277868812288034,Low
3638-DIMPH,One year,13,43.8,No,0.18836595002382042,Low
9372-TXXPS,Two year,60,59.85,No,0.004679699375306583,Low
0750-EBAIU,One year,52,91.25,No,0.12420138808542147,Low
7410-YTJIK,Month-to-month,7,75.45,Yes,0.5767361656875976,Medium
6695-FRVEC,Two year,67,60.4,No,0.004592025009067042,Low
8490-BXHEO,Month-to-month,18,80.55,No,0.5459260130239234,Medium
9955-QOPOY,One year,69,60.8,No,0.039110818934098436,Low
5313-FPXWG,One year,51,24.6,No,0.0172231761491604,Low
0902-RFHOF,One year,38,20.1,No,0.01835121741221419,Low
4646-QZXTF,Month-to-month,7,81.25,No,0.22446883517410787,Low
2205-LPVGL,One year,58,89.85,No,0.05493278404442385,Low
2043-WVTQJ,Month-to-month,1,55.7,No,0.26802665252938873,Low
3831-YCPUO,Two year,72,109.5,No,0.031138769890367516,Low
8404-VIOMB,Two year,66,62.5,No,0.016756922073711353,Low
3319-DWOEP,Month-to-month,6,95.75,Yes,0.7804305283003041,High
3594-BDSOA,One year,24,20.4,No,0.035551437746042094,Low
8318-LCNBW,One year,35,53.15,No,0.1143583570174707,Low
4012-ZTHBR,Month-to-month,21,44.95,No,0.26349642601292206,Low
7673-BQGKU,Two year,69,20.15,No,0.0014888076570793785,Low
8908-SLFCJ,Two year,21,20.85,No,0.03040542342575664,Low
2123-AGEEN,Month-to-month,7,84.35,No,0.7501670893165349,High
2675-IJRGJ,Two year,53,19.65,No,0.004227340616491748,Low
1902-XBTFB,Month-to-month,22,89.4,Yes,0.5042227089723295,Medium
4693-VWVBO,Month-to-month,3,19.55,No,0.2507766509877254,Low
1600-DILPE,Month-to-month,12,45.0,No,0.31680698266626633,Medium
0128-MKWSG,Month-to-month,26,45.8,No,0.13604231004979223,Low
1179-INLAT,One year,3,19.45,No,0.13360279411321432,Low
3891-NLXJB,Two year,37,40.55,No,0.02474867767043958,Low
8957-THMOA,Two year,50,20.15,No,0.004198116611035115,Low
